Edad,TipoDelito,Zona,FechaDelito,HoraDelito,SexoInvolucrado,NivelEducacion,Recurrencia,IngresoMensualEstimado,AñosAntecedentes,VecesCapturado,SospechosoReincidente,RiesgoSocial,Violencia,UsoArma
26,Violación,Centro,2024-06-08 22:37:41,06:58:00,Masculino,Secundaria,Ocasional,11375,28,14,No,1,Media,No
54,Hurto,San Pedro,2024-04-17 01:37:13,03:16:00,Masculino,Técnico,Ocasional,9440,18,2,Sí,3,Alta,Sí
61,Violación,San Pedro,2023-05-30 13:58:18,20:17:00,Masculino,Universitario,Aislado,8465,6,14,No,2,Alta,No
39,Asalto,Villa Fátima,2022-12-25 10:58:42,21:16:00,Masculino,Secundaria,Frecuente,4719,20,3,No,5,Media,No
44,Violación,Centro,2023-03-26 18:01:08,08:31:00,Femenino,Técnico,Ocasional,8502,6,8,No,2,Media,Sí
57,Violación,Miraflores,2024-10-06 16:06:25,19:22:00,Masculino,Secundaria,Ocasional,1129,25,7,No,3,Baja,No
22,Violencia Familiar,Sopocachi,2024-12-21 07:22:18,20:29:00,Masculino,Técnico,Ocasional,10477,20,6,No,2,Baja,Sí
20,Robo,Villa Fátima,2024-01-01 15:18:41,04:27:00,Masculino,Secundaria,Ocasional,11205,13,10,No,5,Media,No
64,Violación,Obrajes,2023-01-12 17:45:50,11:13:00,Femenino,Secundaria,Frecuente,5535,10,1,No,5,Media,Sí
52,Robo,San Pedro,2022-09-17 03:20:38,06:14:00,Masculino,Secundaria,Ocasional,8418,26,8,No,1,Alta,Sí
51,Violación,Centro,2024-09-17 13:44:57,16:15:00,Femenino,Técnico,Ocasional,3892,7,6,No,1,Media,No
26,Fraude,Sopocachi,2022-03-08 08:36:12,14:34:00,Masculino,Universitario,Frecuente,9602,9,8,No,1,Media,Sí
25,Violencia Familiar,El Alto,2023-05-27 02:46:02,22:19:00,Masculino,Primaria,Aislado,4468,18,0,No,4,Baja,No
44,Violencia Familiar,El Alto,2024-04-12 20:22:39,17:18:00,Masculino,Secundaria,Ocasional,8690,23,8,No,4,Baja,No
27,Robo,Sopocachi,2024-12-17 03:02:08,07:59:00,Masculino,Primaria,Ocasional,9760,2,1,Sí,5,Media,No
34,Hurto,Villa Fátima,2023-08-29 20:51:18,10:27:00,Masculino,Secundaria,Ocasional,5302,11,8,No,3,Media,No
51,Secuestro,San Pedro,2023-03-11 14:20:18,06:44:00,Masculino,Primaria,Frecuente,8284,26,11,No,1,Media,Sí
22,Asalto,El Alto,2022-04-24 22:42:05,09:27:00,Femenino,Universitario,Frecuente,4416,13,13,No,5,Baja,No
56,Robo,Villa Fátima,2024-11-25 17:47:57,00:05:00,Masculino,Universitario,Aislado,7670,12,1,No,5,Media,Sí
32,Robo,Centro,2023-05-14 16:06:29,13:20:00,Femenino,Primaria,Aislado,8897,4,9,Sí,2,Alta,No
50,Homicidio,Villa Fátima,2022-09-08 11:34:55,08:26:00,Masculino,Primaria,Frecuente,10893,10,6,No,5,Alta,No
39,Robo,Sopocachi,2022-12-10 16:13:39,18:54:00,Masculino,Técnico,Frecuente,10754,29,0,No,4,Media,Sí
49,Asalto,Villa Fátima,2024-09-03 23:10:38,03:19:00,Femenino,Secundaria,Frecuente,7017,24,3,No,3,Media,No
22,Homicidio,Zona Sur,2023-02-12 03:03:58,17:39:00,Masculino,Secundaria,Frecuente,4078,8,11,No,1,Media,No
49,Fraude,Villa Fátima,2024-07-15 13:52:32,01:56:00,Masculino,Secundaria,Frecuente,5007,15,6,No,4,Media,Sí
18,Violación,Obrajes,2023-12-16 12:06:56,10:32:00,Masculino,Universitario,Ocasional,5400,5,1,No,5,Alta,No
53,Asalto,El Alto,2022-09-25 09:16:07,14:53:00,Femenino,Secundaria,Frecuente,7739,29,5,Sí,4,Media,No
56,Robo,Sopocachi,2022-01-30 01:27:29,15:35:00,Masculino,Universitario,Ocasional,9394,24,13,Sí,2,Alta,No
56,Violencia Familiar,El Alto,2024-07-04 19:00:43,12:03:00,Masculino,Secundaria,Frecuente,9308,12,12,No,4,Baja,No
63,Robo,Sopocachi,2023-11-23 13:49:59,11:24:00,Masculino,Secundaria,Ocasional,8433,20,11,Sí,2,Baja,No
69,Violencia Familiar,Centro,2023-12-31 05:01:24,23:15:00,Masculino,Universitario,Ocasional,5818,6,0,No,5,Media,Sí
18,Violación,Obrajes,2022-11-08 04:16:18,09:14:00,Masculino,Secundaria,Aislado,3307,4,0,No,3,Media,Sí
59,Robo,Miraflores,2024-01-17 07:13:00,02:38:00,Femenino,Técnico,Frecuente,9547,25,10,No,1,Baja,Sí
34,Asalto,San Pedro,2022-03-20 00:34:04,07:43:00,Masculino,Técnico,Frecuente,2410,26,5,Sí,1,Alta,Sí
31,Violencia Familiar,San Pedro,2023-01-15 02:51:10,21:56:00,Masculino,Técnico,Frecuente,4883,17,10,Sí,4,Media,Sí
26,Violencia Familiar,El Alto,2024-03-13 08:05:33,13:44:00,Masculino,Técnico,Ocasional,9563,4,10,Sí,1,Alta,No
38,Violencia Familiar,Miraflores,2023-12-26 14:56:20,14:12:00,Femenino,Secundaria,Ocasional,3383,25,13,No,3,Media,No
42,Violencia Familiar,El Alto,2023-05-18 12:15:49,04:46:00,Femenino,Técnico,Ocasional,2560,25,9,No,2,Media,Sí
33,Robo,El Alto,2022-12-20 14:09:47,03:29:00,Masculino,Secundaria,Aislado,4770,27,7,Sí,5,Alta,No
45,Violencia Familiar,San Pedro,2022-06-03 04:17:52,07:37:00,Masculino,Técnico,Ocasional,6234,18,12,No,2,Baja,No
65,Secuestro,El Alto,2024-12-04 00:57:45,16:37:00,Masculino,Secundaria,Frecuente,6328,26,0,Sí,5,Alta,No
43,Violencia Familiar,Zona Sur,2023-09-28 07:00:34,03:09:00,Femenino,Universitario,Frecuente,4897,11,6,No,5,Alta,No
26,Hurto,Obrajes,2022-08-25 12:41:24,10:32:00,Femenino,Primaria,Frecuente,9144,16,14,Sí,1,Media,Sí
34,Violación,Villa Fátima,2024-05-01 23:02:18,14:30:00,Femenino,Primaria,Frecuente,6958,4,4,Sí,1,Media,Sí
62,Violación,San Pedro,2024-02-04 08:00:15,07:30:00,Masculino,Primaria,Frecuente,5630,23,3,No,2,Media,No
42,Robo,Villa Fátima,2022-08-22 04:06:33,11:19:00,Femenino,Técnico,Ocasional,10680,26,14,No,1,Media,No
52,Asalto,Sopocachi,2023-04-26 22:58:09,21:22:00,Masculino,Universitario,Aislado,1938,23,13,Sí,3,Alta,No
28,Hurto,Sopocachi,2023-08-26 05:57:19,18:25:00,Masculino,Secundaria,Frecuente,5321,24,1,Sí,3,Media,No
64,Violencia Familiar,San Pedro,2022-12-31 05:52:36,15:01:00,Femenino,Secundaria,Aislado,7916,16,5,No,2,Media,Sí
47,Violencia Familiar,El Alto,2022-07-11 01:12:36,14:00:00,Masculino,Primaria,Frecuente,7628,24,1,No,2,Alta,No
56,Asalto,San Pedro,2023-04-06 13:37:33,17:06:00,Masculino,Técnico,Ocasional,1268,29,6,No,2,Media,No
20,Hurto,Centro,2023-09-21 07:22:50,17:56:00,Femenino,Universitario,Frecuente,11816,11,13,No,2,Media,No
50,Robo,Sopocachi,2022-03-11 00:39:20,19:02:00,Femenino,Primaria,Ocasional,9024,27,8,No,5,Media,Sí
61,Secuestro,Sopocachi,2023-11-13 07:17:00,15:43:00,Masculino,Universitario,Ocasional,5390,18,6,Sí,1,Alta,No
50,Asalto,San Pedro,2023-10-11 02:50:47,14:21:00,Masculino,Primaria,Frecuente,8706,6,7,No,4,Media,No
31,Violencia Familiar,Sopocachi,2023-02-11 09:33:06,01:24:00,Masculino,Universitario,Frecuente,663,27,12,No,4,Baja,No
60,Asalto,Sopocachi,2024-06-22 00:32:08,10:40:00,Masculino,Técnico,Frecuente,7513,28,9,No,3,Media,No
51,Violación,San Pedro,2022-12-18 10:17:19,03:38:00,Masculino,Técnico,Frecuente,6186,8,14,No,2,Alta,No
44,Violación,Miraflores,2022-03-10 09:45:22,12:31:00,Masculino,Técnico,Frecuente,6201,11,9,No,1,Alta,Sí
40,Robo,San Pedro,2024-02-18 00:27:52,01:55:00,Masculino,Técnico,Aislado,8505,2,6,No,4,Media,Sí
46,Hurto,El Alto,2022-06-19 08:23:32,21:46:00,Femenino,Secundaria,Aislado,10240,21,1,No,5,Media,Sí
33,Violación,Zona Sur,2024-09-02 02:56:18,17:47:00,Masculino,Primaria,Frecuente,8976,28,11,Sí,3,Media,No
63,Fraude,Zona Sur,2023-10-29 00:01:31,17:28:00,Masculino,Primaria,Aislado,11551,4,13,No,3,Baja,Sí
52,Asalto,El Alto,2022-12-02 18:42:14,22:51:00,Masculino,Universitario,Frecuente,5233,25,3,Sí,1,Baja,No
41,Secuestro,Miraflores,2022-11-21 11:34:07,20:47:00,Masculino,Universitario,Ocasional,2050,29,5,No,2,Baja,No
58,Violación,Obrajes,2022-12-22 07:25:39,16:56:00,Femenino,Primaria,Frecuente,8462,28,6,No,1,Media,No
33,Hurto,Zona Sur,2023-06-11 12:14:27,20:58:00,Masculino,Técnico,Ocasional,5570,3,3,No,3,Alta,Sí
27,Violencia Familiar,San Pedro,2024-01-06 09:06:48,15:07:00,Femenino,Primaria,Aislado,3131,0,7,No,2,Media,Sí
69,Violencia Familiar,El Alto,2022-01-14 21:53:39,06:52:00,Masculino,Técnico,Ocasional,11600,12,3,No,5,Media,Sí
40,Violencia Familiar,Centro,2023-10-20 08:45:04,08:17:00,Femenino,Secundaria,Frecuente,6659,11,12,No,4,Media,Sí
55,Violación,San Pedro,2023-12-07 07:59:00,19:54:00,Femenino,Secundaria,Frecuente,6708,9,2,No,1,Baja,Sí
53,Fraude,Villa Fátima,2023-07-02 09:31:18,13:35:00,Masculino,Técnico,Frecuente,9058,16,3,Sí,1,Media,No
44,Violación,Sopocachi,2022-09-06 18:33:18,18:57:00,Masculino,Primaria,Aislado,2161,2,1,No,3,Media,No
46,Violación,Sopocachi,2024-11-04 22:04:27,18:01:00,Femenino,Universitario,Aislado,1969,3,7,No,5,Media,Sí
64,Robo,Miraflores,2024-09-13 13:19:54,21:46:00,Masculino,Técnico,Frecuente,10337,25,7,Sí,1,Media,No
31,Hurto,Centro,2022-06-19 02:31:58,13:55:00,Femenino,Primaria,Ocasional,10356,29,9,Sí,2,Alta,No
42,Robo,San Pedro,2022-03-09 23:27:55,09:02:00,Masculino,Técnico,Aislado,4092,5,5,No,2,Alta,No
31,Hurto,El Alto,2022-07-24 13:21:02,03:46:00,Masculino,Universitario,Ocasional,562,18,8,Sí,1,Alta,No
63,Homicidio,Zona Sur,2023-01-24 13:28:36,08:37:00,Femenino,Técnico,Ocasional,6156,2,6,Sí,4,Baja,Sí
59,Secuestro,Miraflores,2023-04-25 14:51:17,03:08:00,Masculino,Técnico,Ocasional,11461,20,6,Sí,3,Media,No
20,Violación,Obrajes,2023-03-22 13:59:58,08:22:00,Masculino,Universitario,Aislado,10412,0,13,No,2,Media,Sí
28,Hurto,Sopocachi,2022-07-30 16:53:51,23:26:00,Femenino,Primaria,Aislado,7384,11,9,No,3,Alta,No
57,Violación,Centro,2024-12-08 10:45:39,16:03:00,Femenino,Universitario,Aislado,10083,14,0,No,5,Media,No
35,Secuestro,El Alto,2024-05-17 06:54:46,08:21:00,Masculino,Técnico,Frecuente,7071,11,10,No,4,Media,No
20,Asalto,San Pedro,2024-01-23 15:15:42,09:43:00,Masculino,Primaria,Aislado,6222,11,3,No,3,Alta,Sí
63,Hurto,Zona Sur,2024-06-08 05:41:03,05:20:00,Masculino,Técnico,Frecuente,7855,2,14,No,4,Media,No
16,Hurto,Zona Sur,2023-04-02 01:12:27,07:24:00,Masculino,Técnico,Aislado,5458,11,13,No,1,Media,No
63,Violencia Familiar,San Pedro,2022-09-26 18:41:56,08:14:00,Masculino,Secundaria,Ocasional,7661,18,8,No,5,Alta,No
64,Robo,Villa Fátima,2024-08-17 23:30:15,17:22:00,Masculino,Primaria,Frecuente,10964,29,4,Sí,3,Media,Sí
58,Asalto,San Pedro,2022-12-05 04:36:55,09:27:00,Masculino,Secundaria,Ocasional,5363,7,8,No,1,Alta,No
64,Violación,San Pedro,2024-12-11 16:13:43,04:51:00,Masculino,Secundaria,Ocasional,10198,0,7,Sí,1,Alta,No
58,Robo,Obrajes,2023-07-13 18:35:41,17:22:00,Masculino,Técnico,Ocasional,10182,27,12,Sí,5,Media,Sí
66,Violencia Familiar,Sopocachi,2022-08-03 07:57:25,17:37:00,Masculino,Técnico,Ocasional,7203,9,1,Sí,4,Media,No
49,Asalto,El Alto,2024-09-05 13:01:29,03:00:00,Femenino,Técnico,Aislado,2464,11,13,No,5,Baja,Sí
16,Violación,Centro,2024-12-11 04:22:37,02:37:00,Masculino,Universitario,Ocasional,1524,23,9,No,1,Media,No
61,Hurto,El Alto,2022-04-15 04:19:47,04:14:00,Masculino,Universitario,Frecuente,9370,15,0,No,3,Media,No
35,Fraude,Villa Fátima,2023-01-30 07:16:09,15:32:00,Masculino,Primaria,Frecuente,10343,26,2,No,4,Baja,Sí
16,Robo,Sopocachi,2023-07-11 11:37:48,17:29:00,Masculino,Primaria,Ocasional,8551,18,4,No,1,Media,No
30,Robo,Villa Fátima,2023-11-11 07:52:46,22:30:00,Masculino,Técnico,Frecuente,8549,26,9,No,5,Alta,No
58,Violación,San Pedro,2022-05-02 04:57:04,13:49:00,Masculino,Secundaria,Ocasional,6564,1,10,No,1,Alta,Sí
24,Hurto,El Alto,2023-07-16 19:40:16,11:03:00,Masculino,Universitario,Ocasional,5263,24,4,Sí,1,Media,Sí
16,Violación,San Pedro,2022-12-06 22:01:46,08:48:00,Masculino,Técnico,Frecuente,1700,13,11,No,3,Media,No
55,Homicidio,Miraflores,2022-05-17 07:47:46,21:54:00,Femenino,Técnico,Frecuente,6056,7,13,No,4,Alta,Sí
29,Violación,Zona Sur,2022-10-28 03:25:45,10:22:00,Masculino,Secundaria,Aislado,10723,11,2,No,1,Media,No
53,Hurto,Miraflores,2022-05-05 15:04:42,15:45:00,Masculino,Secundaria,Aislado,9814,7,1,Sí,4,Media,Sí
54,Fraude,Villa Fátima,2023-05-25 11:51:33,20:20:00,Femenino,Primaria,Ocasional,9853,0,13,No,1,Baja,Sí
30,Violación,Zona Sur,2023-06-21 04:11:42,22:03:00,Femenino,Técnico,Ocasional,622,18,4,No,4,Alta,Sí
16,Hurto,Zona Sur,2022-09-15 22:55:29,19:59:00,Femenino,Secundaria,Ocasional,4752,3,9,No,5,Baja,No
23,Secuestro,Miraflores,2024-06-20 21:52:01,09:48:00,Masculino,Secundaria,Ocasional,2087,23,13,No,2,Media,Sí
26,Violación,Miraflores,2024-07-26 19:26:34,12:34:00,Femenino,Universitario,Ocasional,8679,8,10,No,5,Baja,Sí
33,Violencia Familiar,Sopocachi,2024-07-16 10:04:28,19:10:00,Masculino,Universitario,Aislado,4162,8,13,Sí,5,Baja,No
62,Secuestro,Villa Fátima,2022-06-07 01:05:12,09:26:00,Masculino,Técnico,Ocasional,1604,16,0,No,1,Baja,No
41,Hurto,Villa Fátima,2023-04-03 05:09:26,13:57:00,Masculino,Primaria,Frecuente,4899,12,13,Sí,5,Baja,Sí
15,Robo,Miraflores,2024-04-02 11:40:05,21:07:00,Masculino,Secundaria,Aislado,8937,0,8,No,1,Alta,Sí
61,Violencia Familiar,Centro,2023-09-14 03:13:04,15:31:00,Masculino,Secundaria,Ocasional,11012,8,5,Sí,2,Alta,No
58,Violación,El Alto,2023-03-23 09:58:25,12:25:00,Femenino,Universitario,Ocasional,2741,3,12,No,1,Baja,No
64,Violación,Centro,2022-09-05 00:51:31,00:25:00,Femenino,Primaria,Frecuente,11062,7,5,Sí,4,Media,No
54,Violencia Familiar,Miraflores,2023-05-07 03:48:36,13:01:00,Masculino,Técnico,Frecuente,3750,0,7,No,2,Media,No
63,Violencia Familiar,Sopocachi,2024-04-02 13:24:03,00:58:00,Masculino,Primaria,Ocasional,7568,21,0,No,2,Baja,Sí
56,Violencia Familiar,Villa Fátima,2023-08-28 13:13:08,21:50:00,Masculino,Secundaria,Frecuente,6690,17,10,No,2,Alta,No
32,Violencia Familiar,Sopocachi,2022-11-08 16:59:47,05:12:00,Masculino,Secundaria,Ocasional,8627,27,14,No,1,Baja,No
29,Violación,Villa Fátima,2024-02-26 17:51:16,12:14:00,Masculino,Técnico,Ocasional,6930,3,13,No,5,Baja,No
48,Violencia Familiar,San Pedro,2022-08-23 12:03:47,09:00:00,Masculino,Secundaria,Ocasional,1917,8,10,Sí,4,Baja,No
57,Asalto,Centro,2022-06-23 07:19:24,10:32:00,Masculino,Primaria,Ocasional,9656,6,3,No,2,Alta,No
19,Violencia Familiar,Zona Sur,2022-03-26 13:09:27,16:08:00,Masculino,Técnico,Frecuente,7637,16,0,Sí,3,Alta,No
48,Violación,Miraflores,2022-03-15 18:38:55,18:53:00,Masculino,Primaria,Frecuente,9058,26,8,Sí,2,Alta,Sí
43,Hurto,Obrajes,2024-07-07 16:17:55,02:08:00,Masculino,Secundaria,Ocasional,3927,9,4,Sí,3,Media,No
21,Violación,San Pedro,2023-11-08 16:04:05,00:17:00,Masculino,Secundaria,Ocasional,4275,21,11,Sí,4,Baja,No
37,Violencia Familiar,San Pedro,2023-06-20 03:07:17,00:44:00,Masculino,Técnico,Ocasional,9687,19,7,Sí,3,Baja,Sí
24,Homicidio,Sopocachi,2024-12-22 22:44:04,17:30:00,Femenino,Primaria,Frecuente,2645,27,6,No,2,Alta,No
34,Violencia Familiar,Obrajes,2022-06-08 07:00:37,03:56:00,Masculino,Secundaria,Frecuente,8181,5,5,Sí,5,Baja,Sí
48,Asalto,Villa Fátima,2023-03-20 03:31:09,01:09:00,Femenino,Técnico,Aislado,10904,27,4,No,5,Alta,No
24,Robo,Obrajes,2022-03-05 13:15:13,19:26:00,Masculino,Primaria,Ocasional,5712,8,14,Sí,2,Media,Sí
64,Violación,El Alto,2022-03-07 12:19:21,15:57:00,Femenino,Primaria,Frecuente,9885,12,5,Sí,4,Media,Sí
55,Asalto,Centro,2024-02-14 11:29:37,05:44:00,Masculino,Primaria,Ocasional,3422,16,3,No,4,Media,No
24,Violencia Familiar,Sopocachi,2022-03-23 22:34:45,11:49:00,Masculino,Primaria,Aislado,10724,28,13,Sí,4,Alta,Sí
15,Violencia Familiar,Obrajes,2022-02-09 08:20:43,21:04:00,Masculino,Secundaria,Frecuente,9354,3,1,No,3,Media,Sí
56,Violencia Familiar,Zona Sur,2023-01-07 10:40:49,15:51:00,Femenino,Universitario,Aislado,1920,15,7,No,1,Media,Sí
46,Robo,Zona Sur,2023-05-20 07:42:08,00:48:00,Femenino,Secundaria,Aislado,1164,25,14,No,4,Media,Sí
15,Homicidio,Sopocachi,2022-05-31 08:40:02,16:22:00,Masculino,Primaria,Ocasional,10318,12,0,No,3,Media,No
28,Violencia Familiar,Centro,2023-03-18 01:59:13,12:28:00,Femenino,Secundaria,Ocasional,4879,20,12,Sí,3,Media,No
21,Violencia Familiar,Miraflores,2022-12-30 08:48:28,03:41:00,Femenino,Secundaria,Frecuente,710,8,0,Sí,5,Media,No
28,Violación,Sopocachi,2024-07-17 18:23:32,05:12:00,Masculino,Técnico,Aislado,7029,20,2,No,2,Media,Sí
62,Secuestro,Obrajes,2023-06-03 16:35:46,23:35:00,Femenino,Secundaria,Ocasional,4815,11,5,No,4,Media,No
34,Violación,El Alto,2022-05-19 02:29:31,15:43:00,Masculino,Técnico,Ocasional,10998,29,8,Sí,2,Alta,Sí
39,Hurto,El Alto,2024-12-09 15:03:34,18:51:00,Femenino,Primaria,Frecuente,8578,27,6,No,2,Media,No
57,Robo,Miraflores,2023-08-25 09:27:03,23:53:00,Masculino,Primaria,Aislado,7837,5,12,Sí,1,Media,Sí
55,Asalto,Obrajes,2024-03-14 14:41:15,13:36:00,Masculino,Universitario,Frecuente,648,6,9,Sí,4,Alta,Sí
19,Hurto,Miraflores,2023-02-15 08:22:44,20:44:00,Masculino,Secundaria,Frecuente,1840,25,4,No,4,Alta,No
55,Violencia Familiar,Zona Sur,2023-06-09 17:25:51,09:11:00,Femenino,Universitario,Aislado,4144,14,0,Sí,2,Baja,No
66,Hurto,Sopocachi,2024-12-01 05:42:35,00:26:00,Masculino,Técnico,Aislado,6057,9,9,No,5,Media,No
15,Secuestro,Centro,2024-10-19 05:19:27,21:55:00,Masculino,Universitario,Frecuente,10248,21,7,No,5,Baja,No
66,Violación,Villa Fátima,2024-04-24 05:05:57,16:14:00,Masculino,Universitario,Frecuente,5904,17,3,No,4,Baja,No
21,Hurto,Miraflores,2022-12-27 13:46:21,05:01:00,Masculino,Técnico,Aislado,5166,8,9,Sí,3,Media,No
53,Violación,Sopocachi,2022-02-04 17:31:00,10:38:00,Masculino,Universitario,Frecuente,4202,20,2,Sí,1,Media,No
27,Hurto,Obrajes,2023-05-28 09:30:57,04:57:00,Femenino,Técnico,Ocasional,10081,24,13,No,4,Alta,No
53,Homicidio,Villa Fátima,2023-05-03 22:52:49,14:12:00,Femenino,Secundaria,Frecuente,11719,9,13,No,2,Alta,No
45,Violencia Familiar,Centro,2024-10-26 12:04:41,14:20:00,Femenino,Técnico,Frecuente,9904,8,1,Sí,3,Media,No
56,Asalto,Zona Sur,2024-07-02 14:00:26,15:09:00,Femenino,Técnico,Frecuente,2528,7,12,No,2,Media,No
38,Asalto,Zona Sur,2024-11-28 07:08:27,06:13:00,Masculino,Técnico,Frecuente,937,13,4,No,1,Baja,No
30,Hurto,Zona Sur,2022-03-03 23:53:53,00:14:00,Masculino,Técnico,Frecuente,9182,13,4,Sí,4,Media,No
53,Violencia Familiar,Zona Sur,2022-01-18 23:48:25,14:22:00,Masculino,Secundaria,Ocasional,11029,11,8,Sí,1,Baja,No
29,Violencia Familiar,San Pedro,2024-05-22 06:51:38,00:54:00,Masculino,Técnico,Ocasional,9942,21,2,No,2,Alta,No
23,Violencia Familiar,San Pedro,2022-02-06 20:47:14,04:19:00,Masculino,Universitario,Frecuente,2398,24,8,Sí,1,Media,Sí
58,Robo,Miraflores,2024-06-06 14:42:37,10:25:00,Masculino,Primaria,Aislado,2562,24,6,Sí,4,Alta,Sí
64,Violación,Miraflores,2024-01-22 19:32:33,14:23:00,Masculino,Secundaria,Aislado,3843,1,0,No,1,Alta,No
20,Robo,San Pedro,2023-06-20 18:02:28,12:14:00,Masculino,Universitario,Frecuente,838,11,5,No,2,Baja,No
66,Violación,El Alto,2022-10-03 12:53:14,03:10:00,Masculino,Secundaria,Frecuente,11736,0,13,No,5,Baja,No
44,Violación,Sopocachi,2022-07-14 12:12:53,16:28:00,Masculino,Primaria,Ocasional,3530,29,14,Sí,5,Baja,No
28,Hurto,Sopocachi,2022-04-04 08:03:54,09:35:00,Masculino,Secundaria,Frecuente,9786,0,9,No,2,Media,Sí
50,Violación,El Alto,2022-06-19 06:11:05,20:49:00,Masculino,Primaria,Frecuente,10446,7,12,Sí,1,Baja,No
28,Violencia Familiar,Sopocachi,2022-02-01 14:44:26,20:18:00,Masculino,Universitario,Aislado,4604,3,7,No,3,Media,Sí
57,Violencia Familiar,Villa Fátima,2024-03-07 17:31:42,23:14:00,Femenino,Primaria,Ocasional,5712,3,12,Sí,5,Alta,Sí
36,Hurto,Miraflores,2023-12-01 10:25:17,01:30:00,Masculino,Primaria,Frecuente,4829,25,8,No,4,Media,No
57,Robo,Villa Fátima,2024-11-01 12:04:07,18:20:00,Masculino,Técnico,Ocasional,9348,27,9,No,3,Media,Sí
26,Robo,Centro,2022-01-03 20:39:49,00:41:00,Femenino,Técnico,Ocasional,7277,22,3,No,4,Alta,No
57,Hurto,Zona Sur,2022-10-12 18:27:02,16:07:00,Masculino,Técnico,Frecuente,7976,22,4,No,1,Baja,No
57,Violencia Familiar,Sopocachi,2023-09-22 11:26:30,21:03:00,Femenino,Primaria,Ocasional,9593,9,0,Sí,5,Baja,No
58,Robo,Obrajes,2023-02-10 01:41:06,05:56:00,Masculino,Secundaria,Frecuente,3627,11,14,No,2,Media,Sí
43,Fraude,Centro,2023-01-16 07:04:37,03:45:00,Femenino,Universitario,Ocasional,5375,1,1,Sí,1,Alta,No
43,Violencia Familiar,Sopocachi,2022-01-05 11:23:59,06:48:00,Femenino,Primaria,Ocasional,9687,16,8,No,1,Alta,No
41,Homicidio,Zona Sur,2022-05-05 03:03:16,11:39:00,Masculino,Universitario,Frecuente,2020,8,4,No,4,Media,No
49,Robo,Sopocachi,2023-10-22 10:03:43,05:10:00,Masculino,Primaria,Frecuente,1037,23,8,No,5,Alta,No
28,Homicidio,Miraflores,2023-05-21 08:36:08,14:55:00,Masculino,Universitario,Ocasional,9609,21,11,Sí,2,Media,Sí
38,Violación,Obrajes,2022-02-15 05:40:08,19:17:00,Masculino,Primaria,Ocasional,2695,26,7,Sí,4,Media,Sí
31,Violación,El Alto,2022-12-11 15:11:25,02:21:00,Masculino,Primaria,Ocasional,956,0,12,No,5,Media,Sí
26,Homicidio,Centro,2024-12-21 11:26:47,14:26:00,Femenino,Universitario,Frecuente,533,21,10,Sí,1,Media,No
33,Violencia Familiar,Sopocachi,2023-09-16 17:13:18,04:30:00,Masculino,Primaria,Frecuente,10423,10,1,Sí,4,Alta,No
59,Asalto,Villa Fátima,2023-05-22 22:13:43,17:08:00,Masculino,Secundaria,Ocasional,6165,0,11,No,5,Media,Sí
58,Violencia Familiar,Sopocachi,2022-07-29 10:43:26,01:02:00,Masculino,Secundaria,Ocasional,11744,20,10,No,3,Media,No
42,Hurto,Villa Fátima,2022-04-06 07:42:22,03:12:00,Masculino,Primaria,Frecuente,7711,29,8,No,4,Media,No
52,Violencia Familiar,Miraflores,2023-01-18 05:36:07,15:34:00,Masculino,Secundaria,Aislado,7113,4,5,No,1,Alta,No
43,Robo,Zona Sur,2023-11-28 10:57:14,10:00:00,Masculino,Técnico,Frecuente,3379,21,2,No,5,Alta,No
61,Robo,Centro,2024-04-23 09:42:11,03:56:00,Masculino,Técnico,Ocasional,9746,14,2,No,5,Media,Sí
69,Fraude,San Pedro,2024-08-25 15:55:03,21:54:00,Masculino,Técnico,Ocasional,10000,18,8,Sí,2,Media,No
22,Hurto,El Alto,2022-04-30 10:06:11,21:38:00,Masculino,Universitario,Frecuente,9417,0,12,No,1,Media,Sí
62,Asalto,El Alto,2022-06-14 13:00:44,07:58:00,Masculino,Secundaria,Frecuente,4450,0,4,No,1,Media,Sí
27,Violación,El Alto,2023-04-20 09:38:51,16:25:00,Masculino,Universitario,Ocasional,7797,21,10,No,3,Media,No
60,Robo,San Pedro,2024-12-20 11:49:45,17:31:00,Masculino,Técnico,Frecuente,5066,0,9,No,5,Baja,No
51,Robo,Obrajes,2022-12-24 05:44:20,15:52:00,Masculino,Universitario,Ocasional,4289,21,11,Sí,2,Alta,Sí
16,Robo,Centro,2024-11-16 23:54:46,02:15:00,Femenino,Técnico,Frecuente,9020,10,1,No,2,Baja,No
44,Hurto,Obrajes,2024-10-29 01:25:12,03:26:00,Masculino,Primaria,Frecuente,4368,13,9,No,1,Baja,Sí
43,Hurto,Obrajes,2022-10-07 04:47:01,09:36:00,Masculino,Secundaria,Ocasional,1774,0,2,No,1,Media,No
30,Robo,Obrajes,2024-02-18 05:08:31,19:50:00,Masculino,Primaria,Frecuente,3805,29,2,No,2,Media,Sí
18,Violencia Familiar,Sopocachi,2022-04-17 13:37:20,00:37:00,Masculino,Técnico,Aislado,1990,10,14,Sí,1,Media,Sí
56,Violencia Familiar,San Pedro,2022-03-26 07:41:05,06:48:00,Masculino,Universitario,Frecuente,2926,26,10,No,2,Media,No
24,Robo,Centro,2024-04-20 10:34:06,23:44:00,Masculino,Técnico,Ocasional,9739,29,0,No,5,Baja,Sí
30,Violación,Zona Sur,2023-09-10 17:53:21,21:34:00,Femenino,Secundaria,Ocasional,2472,27,8,No,5,Media,Sí
55,Violencia Familiar,Centro,2023-01-11 18:24:20,08:48:00,Femenino,Secundaria,Aislado,2498,15,0,Sí,1,Media,Sí
44,Violencia Familiar,Zona Sur,2024-07-21 19:28:03,12:41:00,Masculino,Secundaria,Aislado,10537,18,14,No,3,Alta,No
16,Violación,Zona Sur,2022-07-02 05:05:03,09:57:00,Masculino,Secundaria,Ocasional,8362,7,5,Sí,4,Alta,No
24,Violación,Zona Sur,2024-09-22 05:25:07,07:24:00,Masculino,Secundaria,Frecuente,11184,1,8,No,1,Alta,No
26,Robo,Sopocachi,2023-02-21 16:20:18,05:26:00,Femenino,Primaria,Frecuente,11330,18,6,No,5,Media,Sí
31,Asalto,Miraflores,2024-04-13 11:36:18,21:24:00,Masculino,Técnico,Aislado,11133,6,14,No,5,Media,No
64,Hurto,San Pedro,2024-10-26 11:13:20,18:14:00,Femenino,Primaria,Ocasional,7160,1,0,No,4,Baja,No
66,Violencia Familiar,El Alto,2022-07-31 15:11:08,16:41:00,Masculino,Secundaria,Aislado,3959,14,12,No,5,Baja,No
57,Violencia Familiar,Miraflores,2022-06-16 11:39:08,06:06:00,Masculino,Técnico,Ocasional,7551,2,9,Sí,5,Baja,No
42,Robo,Miraflores,2024-04-22 16:52:46,13:38:00,Masculino,Universitario,Frecuente,2081,4,3,No,4,Baja,Sí
48,Robo,Villa Fátima,2023-06-20 03:54:13,22:01:00,Femenino,Universitario,Ocasional,8083,20,8,No,4,Alta,No
46,Violación,Zona Sur,2023-01-04 03:22:30,20:31:00,Masculino,Secundaria,Ocasional,9628,3,7,Sí,2,Media,No
64,Violación,Zona Sur,2022-07-31 20:30:17,08:59:00,Masculino,Secundaria,Ocasional,3240,17,11,No,5,Alta,No
61,Robo,El Alto,2023-12-18 20:28:51,15:15:00,Masculino,Universitario,Frecuente,1009,21,7,No,5,Media,No
47,Secuestro,San Pedro,2022-03-25 07:20:16,16:34:00,Masculino,Técnico,Ocasional,3319,23,11,No,3,Media,Sí
25,Secuestro,Sopocachi,2024-02-21 14:04:43,16:36:00,Masculino,Primaria,Frecuente,5639,6,3,No,2,Baja,No
54,Violencia Familiar,Villa Fátima,2024-11-07 22:12:32,03:50:00,Masculino,Universitario,Ocasional,8043,14,7,Sí,5,Alta,No
18,Robo,Zona Sur,2023-02-02 12:00:58,06:19:00,Masculino,Técnico,Ocasional,4243,2,3,Sí,4,Baja,No
41,Violencia Familiar,Villa Fátima,2023-12-30 02:13:48,05:58:00,Masculino,Primaria,Frecuente,11327,26,3,Sí,5,Media,Sí
29,Hurto,Obrajes,2022-02-20 14:38:51,15:56:00,Femenino,Primaria,Frecuente,2644,2,3,Sí,3,Media,No
53,Robo,Centro,2023-05-14 10:02:45,10:19:00,Masculino,Técnico,Aislado,11841,9,5,No,3,Alta,No
47,Violación,Miraflores,2022-12-03 09:31:41,19:30:00,Masculino,Primaria,Aislado,7047,7,5,Sí,4,Baja,Sí
63,Violencia Familiar,Centro,2023-12-20 06:12:31,16:08:00,Femenino,Primaria,Frecuente,5883,15,6,No,5,Baja,No
15,Hurto,Zona Sur,2024-04-24 05:07:45,17:40:00,Masculino,Primaria,Frecuente,4408,3,4,No,5,Media,No
49,Violencia Familiar,San Pedro,2022-09-18 20:38:18,14:59:00,Masculino,Secundaria,Aislado,1639,13,13,No,5,Alta,No
45,Violación,Centro,2024-08-07 04:22:45,22:09:00,Masculino,Secundaria,Ocasional,3475,22,11,No,2,Alta,Sí
46,Robo,El Alto,2024-03-03 10:41:31,01:40:00,Masculino,Universitario,Frecuente,9519,29,8,No,5,Alta,No
42,Secuestro,Sopocachi,2024-09-18 12:01:54,02:58:00,Masculino,Secundaria,Frecuente,774,27,0,No,3,Media,No
41,Robo,El Alto,2024-09-08 09:49:58,16:52:00,Femenino,Secundaria,Ocasional,3829,3,1,Sí,3,Media,No
16,Asalto,San Pedro,2022-11-05 16:40:35,06:35:00,Femenino,Universitario,Ocasional,10683,8,11,No,2,Media,No
40,Hurto,San Pedro,2022-07-14 01:46:18,13:03:00,Masculino,Universitario,Frecuente,7691,11,8,Sí,5,Media,Sí
24,Violencia Familiar,Sopocachi,2023-01-06 20:45:19,20:02:00,Masculino,Secundaria,Ocasional,3068,5,11,Sí,1,Media,No
52,Robo,Villa Fátima,2023-11-20 20:44:09,22:06:00,Masculino,Primaria,Frecuente,10036,16,0,No,2,Alta,No
35,Hurto,Centro,2023-04-04 03:49:09,03:55:00,Masculino,Primaria,Frecuente,3269,5,7,No,2,Media,Sí
35,Violación,Villa Fátima,2023-11-23 09:09:09,06:34:00,Masculino,Técnico,Frecuente,2289,25,13,No,3,Media,No
34,Violencia Familiar,San Pedro,2024-11-14 07:47:28,15:28:00,Masculino,Universitario,Frecuente,8987,13,7,No,3,Alta,No
46,Violación,Villa Fátima,2024-08-25 04:56:03,15:40:00,Femenino,Primaria,Aislado,7408,16,11,Sí,2,Media,No
36,Hurto,Villa Fátima,2023-08-02 22:01:12,05:59:00,Masculino,Primaria,Ocasional,1783,4,7,No,5,Media,Sí
53,Asalto,El Alto,2022-09-03 14:29:09,21:56:00,Femenino,Técnico,Frecuente,4058,13,8,Sí,2,Baja,Sí
60,Fraude,Centro,2023-08-31 18:54:56,23:07:00,Masculino,Primaria,Ocasional,5306,24,1,No,5,Media,No
15,Violencia Familiar,Miraflores,2022-08-31 16:26:06,04:51:00,Masculino,Técnico,Ocasional,8105,5,13,No,4,Baja,No
39,Violencia Familiar,Centro,2023-05-13 18:42:51,06:35:00,Masculino,Universitario,Ocasional,9664,9,1,Sí,4,Alta,No
47,Asalto,Miraflores,2022-03-09 01:18:32,19:34:00,Masculino,Secundaria,Aislado,5472,24,5,No,5,Media,Sí
19,Violencia Familiar,Sopocachi,2023-12-16 20:42:39,21:22:00,Masculino,Primaria,Ocasional,7881,12,4,No,4,Baja,No
68,Violencia Familiar,El Alto,2022-12-12 11:51:24,03:31:00,Masculino,Técnico,Frecuente,2218,17,1,No,3,Media,No
57,Robo,Villa Fátima,2022-02-07 00:43:17,13:32:00,Masculino,Universitario,Ocasional,11229,5,6,No,1,Baja,Sí
26,Violencia Familiar,El Alto,2022-12-25 10:18:38,13:55:00,Masculino,Universitario,Aislado,7016,13,10,Sí,2,Media,No
38,Hurto,El Alto,2023-02-04 01:01:25,21:09:00,Masculino,Primaria,Frecuente,1583,15,7,Sí,2,Alta,No
62,Robo,Miraflores,2024-06-12 14:07:48,04:15:00,Masculino,Secundaria,Frecuente,5923,26,12,No,1,Alta,Sí
31,Asalto,Obrajes,2023-03-25 01:08:32,05:32:00,Masculino,Secundaria,Frecuente,7721,29,3,No,1,Media,No
62,Fraude,Zona Sur,2022-08-11 10:25:38,18:59:00,Masculino,Técnico,Ocasional,3855,21,13,No,1,Media,No
43,Fraude,San Pedro,2022-05-23 08:32:05,19:57:00,Femenino,Primaria,Frecuente,4873,0,1,No,1,Media,No
62,Secuestro,Villa Fátima,2022-01-02 12:44:34,23:40:00,Masculino,Técnico,Ocasional,3342,4,13,Sí,4,Alta,Sí
30,Hurto,El Alto,2022-09-07 17:29:44,07:33:00,Masculino,Universitario,Aislado,5976,1,1,No,1,Baja,No
42,Robo,Centro,2023-01-05 22:36:06,22:32:00,Femenino,Universitario,Ocasional,4971,21,4,No,1,Baja,No
58,Robo,Sopocachi,2024-06-27 22:42:00,23:25:00,Masculino,Técnico,Ocasional,7900,17,8,Sí,1,Baja,No
66,Robo,Centro,2024-08-07 02:39:41,00:40:00,Femenino,Técnico,Ocasional,7966,23,3,No,4,Baja,No
18,Violencia Familiar,Zona Sur,2022-09-20 02:38:18,13:09:00,Femenino,Técnico,Ocasional,827,7,5,No,1,Media,No
53,Violencia Familiar,Miraflores,2024-12-28 20:05:55,11:14:00,Masculino,Universitario,Aislado,2319,20,6,No,4,Baja,No
63,Violación,Villa Fátima,2024-12-11 14:30:28,08:39:00,Masculino,Universitario,Frecuente,11864,0,13,No,2,Media,No
67,Homicidio,Sopocachi,2024-04-24 10:03:28,07:04:00,Femenino,Secundaria,Aislado,9992,3,1,Sí,3,Media,No
68,Hurto,Sopocachi,2023-06-03 23:11:33,07:44:00,Femenino,Secundaria,Frecuente,8219,26,3,No,4,Media,No
46,Violencia Familiar,San Pedro,2023-12-13 22:33:26,17:57:00,Femenino,Universitario,Frecuente,9814,14,0,No,4,Media,Sí
65,Violación,Obrajes,2023-04-01 14:44:57,10:34:00,Femenino,Técnico,Ocasional,9020,24,3,Sí,2,Baja,No
61,Asalto,Zona Sur,2024-02-27 14:21:28,11:55:00,Masculino,Técnico,Ocasional,9389,24,10,No,3,Media,No
40,Violación,Miraflores,2022-01-05 01:08:46,01:54:00,Masculino,Primaria,Ocasional,6129,1,10,Sí,2,Media,No
61,Violencia Familiar,Obrajes,2023-06-07 13:21:38,07:24:00,Masculino,Secundaria,Aislado,1541,20,10,Sí,3,Alta,No
33,Secuestro,Sopocachi,2024-09-20 18:31:58,14:38:00,Masculino,Universitario,Aislado,10432,1,2,No,3,Media,No
19,Violencia Familiar,Villa Fátima,2024-07-31 20:15:49,14:48:00,Masculino,Técnico,Ocasional,5128,4,0,No,4,Media,No
29,Violencia Familiar,Villa Fátima,2023-12-23 23:49:35,20:20:00,Masculino,Primaria,Ocasional,3642,15,7,Sí,4,Media,No
46,Hurto,Villa Fátima,2022-12-06 06:38:57,02:47:00,Masculino,Secundaria,Ocasional,2379,0,10,Sí,2,Media,Sí
27,Violencia Familiar,Obrajes,2023-08-30 10:33:33,07:43:00,Masculino,Primaria,Aislado,8087,12,2,Sí,2,Media,Sí
32,Violencia Familiar,Obrajes,2024-06-07 09:02:04,04:07:00,Masculino,Técnico,Ocasional,3465,9,4,Sí,2,Media,No
39,Violencia Familiar,Zona Sur,2023-08-04 01:33:25,05:35:00,Masculino,Técnico,Frecuente,4759,27,6,Sí,1,Media,No
43,Robo,Villa Fátima,2023-04-23 03:51:19,12:56:00,Masculino,Primaria,Ocasional,10149,28,1,No,3,Baja,No
40,Violencia Familiar,San Pedro,2023-06-22 15:54:44,03:01:00,Masculino,Universitario,Frecuente,2058,9,12,Sí,5,Alta,No
61,Violación,San Pedro,2024-05-29 21:16:54,23:27:00,Masculino,Secundaria,Aislado,3451,17,8,No,3,Media,Sí
26,Violencia Familiar,Villa Fátima,2022-09-30 02:06:11,10:18:00,Masculino,Universitario,Aislado,7998,27,3,No,4,Baja,No
51,Violencia Familiar,El Alto,2022-05-06 03:51:35,22:37:00,Masculino,Secundaria,Frecuente,3576,18,6,Sí,3,Baja,No
42,Violencia Familiar,San Pedro,2022-07-04 11:17:51,04:26:00,Femenino,Técnico,Ocasional,5133,3,8,Sí,4,Alta,No
45,Robo,Sopocachi,2024-06-17 17:30:42,10:43:00,Femenino,Técnico,Aislado,5985,28,4,No,1,Alta,No
35,Violencia Familiar,Centro,2024-08-02 09:13:12,19:43:00,Masculino,Primaria,Frecuente,1688,17,3,No,2,Baja,Sí
48,Violencia Familiar,Centro,2022-04-28 10:10:33,08:03:00,Femenino,Primaria,Aislado,3662,25,3,No,3,Alta,No
24,Secuestro,Miraflores,2022-08-21 01:50:32,04:13:00,Masculino,Universitario,Aislado,10281,24,3,Sí,3,Alta,No
61,Violación,Centro,2024-07-25 00:15:22,00:37:00,Masculino,Técnico,Aislado,10824,14,14,No,5,Media,No
21,Violencia Familiar,Miraflores,2023-12-28 04:00:21,02:33:00,Masculino,Primaria,Aislado,4375,27,8,No,5,Media,Sí
56,Asalto,El Alto,2024-07-30 22:48:26,22:39:00,Masculino,Universitario,Frecuente,8470,18,1,No,5,Baja,No
40,Violación,Obrajes,2022-08-30 19:14:02,20:23:00,Masculino,Primaria,Aislado,6744,29,1,No,1,Alta,No
25,Asalto,Miraflores,2024-06-28 08:07:50,02:10:00,Masculino,Secundaria,Frecuente,1095,13,11,No,4,Baja,Sí
23,Violación,Centro,2023-04-19 05:26:46,08:57:00,Masculino,Universitario,Frecuente,3279,5,3,No,4,Media,No
60,Fraude,Centro,2022-04-26 05:48:11,10:11:00,Masculino,Universitario,Ocasional,7568,2,12,No,2,Baja,No
64,Violencia Familiar,Centro,2024-12-27 02:51:47,14:54:00,Masculino,Universitario,Frecuente,8195,20,3,Sí,4,Baja,No
53,Asalto,San Pedro,2023-02-16 05:37:28,14:19:00,Femenino,Universitario,Ocasional,3583,7,2,Sí,3,Media,No
20,Violación,Villa Fátima,2023-05-05 22:09:25,16:51:00,Masculino,Primaria,Ocasional,7995,21,12,No,1,Baja,No
22,Violación,San Pedro,2023-08-31 08:59:52,19:54:00,Masculino,Universitario,Ocasional,6926,13,12,No,3,Baja,No
38,Asalto,San Pedro,2024-01-10 02:37:01,20:14:00,Masculino,Secundaria,Frecuente,1319,10,14,Sí,5,Alta,No
62,Hurto,San Pedro,2022-10-10 03:21:59,12:23:00,Masculino,Secundaria,Ocasional,5746,20,9,No,3,Baja,No
23,Violencia Familiar,Villa Fátima,2023-12-02 10:37:03,20:48:00,Masculino,Técnico,Ocasional,2266,13,0,No,1,Alta,No
52,Homicidio,Zona Sur,2023-08-21 00:09:08,08:21:00,Femenino,Técnico,Frecuente,10900,25,3,No,1,Media,Sí
56,Asalto,San Pedro,2024-05-24 02:30:40,23:03:00,Masculino,Universitario,Ocasional,9823,21,3,No,3,Baja,No
37,Violencia Familiar,Centro,2024-01-28 13:08:27,14:54:00,Masculino,Técnico,Ocasional,9468,11,5,Sí,3,Media,No
67,Secuestro,San Pedro,2024-09-17 03:04:57,17:47:00,Masculino,Universitario,Frecuente,8149,7,2,No,5,Alta,Sí
69,Violencia Familiar,Sopocachi,2024-09-28 01:25:31,23:56:00,Masculino,Secundaria,Frecuente,2605,20,0,Sí,2,Baja,No
57,Robo,El Alto,2023-06-01 16:17:01,03:10:00,Masculino,Universitario,Frecuente,3550,11,11,No,2,Media,No
43,Hurto,Miraflores,2022-10-23 07:04:39,11:48:00,Masculino,Técnico,Ocasional,6498,27,2,No,2,Alta,Sí
54,Violencia Familiar,Miraflores,2022-11-27 08:04:10,20:13:00,Masculino,Técnico,Ocasional,9007,14,10,No,5,Alta,No
45,Homicidio,Centro,2022-08-31 03:23:07,13:38:00,Masculino,Primaria,Aislado,10314,22,10,Sí,5,Media,Sí
25,Robo,El Alto,2023-01-03 08:00:06,17:04:00,Masculino,Secundaria,Ocasional,11811,14,14,No,3,Baja,No
31,Violencia Familiar,Miraflores,2023-11-09 22:23:42,21:59:00,Masculino,Primaria,Frecuente,10142,0,7,No,2,Alta,No
49,Violación,San Pedro,2024-01-27 18:07:53,13:20:00,Masculino,Universitario,Ocasional,3631,13,12,No,3,Alta,No
17,Fraude,Miraflores,2024-08-18 04:28:31,02:58:00,Masculino,Técnico,Frecuente,11398,3,1,No,5,Media,No
47,Violencia Familiar,Centro,2024-05-13 14:41:35,04:06:00,Femenino,Secundaria,Ocasional,7813,0,9,No,3,Alta,Sí
60,Violación,Centro,2022-11-30 07:08:30,09:14:00,Masculino,Secundaria,Aislado,9285,8,9,No,1,Media,No
50,Violación,San Pedro,2024-01-14 02:15:51,09:22:00,Femenino,Primaria,Frecuente,3837,14,11,No,5,Media,No
20,Hurto,Sopocachi,2024-06-18 23:56:38,02:58:00,Masculino,Técnico,Frecuente,3449,26,7,No,5,Alta,Sí
69,Violencia Familiar,Obrajes,2024-01-07 21:16:16,08:15:00,Masculino,Secundaria,Frecuente,11007,11,4,No,5,Media,Sí
24,Robo,Villa Fátima,2023-01-22 07:04:08,02:59:00,Masculino,Primaria,Ocasional,8731,0,9,No,5,Baja,Sí
54,Violencia Familiar,Obrajes,2023-08-16 03:09:20,13:55:00,Femenino,Universitario,Aislado,4088,22,14,Sí,5,Baja,Sí
68,Violencia Familiar,Miraflores,2022-07-12 09:00:20,23:22:00,Femenino,Secundaria,Ocasional,10667,5,5,No,4,Media,No
30,Violencia Familiar,Sopocachi,2024-04-27 12:04:13,22:30:00,Masculino,Universitario,Frecuente,2746,13,7,No,4,Media,Sí
17,Fraude,Zona Sur,2023-07-21 07:37:07,04:49:00,Masculino,Primaria,Frecuente,8109,10,1,No,2,Baja,No
57,Robo,Miraflores,2022-03-18 00:07:00,20:13:00,Femenino,Primaria,Aislado,2479,18,10,Sí,5,Alta,No
64,Robo,Villa Fátima,2023-12-12 16:53:59,06:42:00,Femenino,Universitario,Ocasional,3680,17,8,Sí,1,Baja,No
32,Homicidio,Miraflores,2022-05-18 13:07:25,21:53:00,Masculino,Primaria,Aislado,8297,10,2,Sí,2,Media,Sí
66,Violación,Zona Sur,2024-08-30 02:21:31,06:30:00,Femenino,Técnico,Aislado,9846,23,0,Sí,4,Alta,No
17,Violencia Familiar,El Alto,2024-06-13 02:12:52,09:05:00,Femenino,Secundaria,Ocasional,8785,26,14,No,4,Media,No
65,Asalto,Obrajes,2023-12-25 22:53:20,19:41:00,Masculino,Secundaria,Frecuente,2957,4,2,No,2,Alta,No
28,Violación,El Alto,2023-06-26 03:28:46,05:38:00,Masculino,Universitario,Ocasional,8889,22,12,Sí,5,Media,No
30,Robo,Villa Fátima,2024-01-27 00:39:37,09:09:00,Masculino,Técnico,Ocasional,9279,29,11,No,1,Baja,No
57,Fraude,Zona Sur,2024-07-25 05:29:50,04:28:00,Masculino,Universitario,Frecuente,2908,5,10,Sí,3,Baja,No
38,Violencia Familiar,El Alto,2024-07-07 08:38:30,13:02:00,Masculino,Universitario,Aislado,4967,11,9,Sí,3,Media,No
17,Violencia Familiar,San Pedro,2023-07-06 17:45:43,18:20:00,Femenino,Secundaria,Ocasional,8309,20,2,No,5,Media,No
28,Homicidio,Miraflores,2024-09-25 15:02:12,21:47:00,Femenino,Secundaria,Ocasional,9881,20,13,No,5,Baja,No
33,Violación,Centro,2022-07-06 11:05:45,17:58:00,Femenino,Secundaria,Ocasional,3539,9,1,No,2,Alta,No
29,Robo,San Pedro,2022-08-27 15:53:17,14:53:00,Masculino,Universitario,Frecuente,11951,5,5,No,2,Media,No
24,Robo,Centro,2022-08-22 04:13:54,00:44:00,Masculino,Primaria,Frecuente,8859,2,3,No,4,Media,Sí
24,Violencia Familiar,El Alto,2023-07-11 22:24:34,17:06:00,Masculino,Primaria,Ocasional,11941,1,11,No,5,Alta,No
22,Violencia Familiar,El Alto,2023-05-07 18:40:31,20:02:00,Masculino,Primaria,Ocasional,11259,22,11,No,3,Alta,No
67,Fraude,Obrajes,2022-06-15 20:01:25,17:07:00,Masculino,Técnico,Ocasional,3758,20,13,Sí,3,Media,Sí
29,Violencia Familiar,Sopocachi,2024-07-01 09:29:19,03:05:00,Masculino,Técnico,Ocasional,11139,13,9,No,2,Media,Sí
66,Violación,Centro,2024-01-28 07:47:34,00:26:00,Femenino,Secundaria,Ocasional,6049,9,10,No,1,Baja,Sí
68,Hurto,Obrajes,2024-02-05 09:14:32,23:14:00,Femenino,Primaria,Aislado,5878,12,12,No,2,Media,No
27,Violación,Zona Sur,2022-02-01 20:40:16,00:36:00,Femenino,Primaria,Frecuente,3514,7,11,No,4,Media,Sí
64,Hurto,San Pedro,2022-07-11 12:28:09,03:07:00,Femenino,Universitario,Frecuente,4397,6,2,No,2,Media,Sí
69,Fraude,Sopocachi,2023-07-03 04:26:33,06:13:00,Masculino,Universitario,Frecuente,1471,4,0,No,1,Alta,No
52,Violación,El Alto,2023-05-21 13:47:54,05:36:00,Masculino,Secundaria,Frecuente,5989,1,9,Sí,3,Baja,No
25,Hurto,El Alto,2024-04-01 13:14:54,05:09:00,Masculino,Universitario,Ocasional,11276,11,6,No,2,Baja,No
26,Violencia Familiar,Obrajes,2022-11-25 23:40:18,18:08:00,Masculino,Técnico,Ocasional,10821,4,0,Sí,5,Alta,No
55,Secuestro,El Alto,2022-06-12 00:02:46,06:58:00,Femenino,Primaria,Frecuente,6537,28,2,Sí,3,Media,No
26,Asalto,San Pedro,2024-10-13 13:48:17,19:28:00,Masculino,Primaria,Frecuente,3619,3,6,No,2,Alta,Sí
42,Violación,Sopocachi,2023-05-01 02:12:23,05:52:00,Masculino,Primaria,Frecuente,517,29,2,No,4,Media,No
41,Violación,Zona Sur,2022-12-25 19:15:48,10:59:00,Masculino,Secundaria,Frecuente,5173,12,0,Sí,2,Alta,No
56,Asalto,Miraflores,2022-05-30 04:35:22,19:51:00,Femenino,Secundaria,Ocasional,2914,3,10,No,2,Media,No
58,Hurto,Miraflores,2022-01-24 14:48:55,18:23:00,Femenino,Secundaria,Aislado,2366,21,1,No,2,Alta,No
29,Secuestro,Obrajes,2023-09-06 20:49:55,21:55:00,Masculino,Técnico,Frecuente,3350,16,6,No,3,Media,No
63,Robo,Centro,2022-05-24 15:00:43,01:10:00,Femenino,Secundaria,Aislado,3487,13,3,No,1,Alta,Sí
47,Fraude,Zona Sur,2023-04-18 06:59:22,05:50:00,Masculino,Secundaria,Ocasional,8622,28,0,No,4,Media,Sí
26,Hurto,Miraflores,2022-02-12 18:24:27,20:52:00,Masculino,Técnico,Frecuente,3224,18,12,Sí,5,Baja,No
43,Asalto,Sopocachi,2024-12-07 07:04:12,19:13:00,Masculino,Técnico,Ocasional,3579,25,1,No,2,Media,No
48,Robo,Villa Fátima,2023-08-08 06:48:48,08:36:00,Masculino,Técnico,Frecuente,1696,5,14,No,3,Alta,No
28,Robo,Miraflores,2022-06-30 00:57:03,21:52:00,Masculino,Secundaria,Aislado,6401,1,13,No,3,Media,Sí
34,Asalto,El Alto,2022-01-17 07:57:37,07:59:00,Masculino,Secundaria,Frecuente,4420,23,6,No,5,Baja,No
63,Hurto,Miraflores,2023-01-27 10:19:36,06:11:00,Masculino,Universitario,Ocasional,8002,23,1,Sí,1,Baja,Sí
62,Hurto,Villa Fátima,2024-05-01 18:29:52,11:17:00,Femenino,Técnico,Ocasional,10779,22,1,No,3,Media,No
25,Secuestro,Villa Fátima,2024-02-28 16:36:20,18:26:00,Masculino,Secundaria,Aislado,5183,27,6,No,2,Baja,Sí
37,Robo,Villa Fátima,2022-03-11 17:43:04,09:46:00,Masculino,Secundaria,Ocasional,11417,14,2,No,1,Alta,No
64,Homicidio,Obrajes,2022-07-11 02:59:20,18:49:00,Femenino,Técnico,Ocasional,6694,27,9,No,5,Media,No
38,Violación,Zona Sur,2024-05-31 04:17:05,05:22:00,Femenino,Técnico,Frecuente,686,15,13,Sí,1,Alta,No
35,Hurto,El Alto,2024-02-28 00:36:08,15:45:00,Masculino,Secundaria,Ocasional,2018,17,9,No,3,Baja,No
25,Asalto,Villa Fátima,2022-11-06 12:26:58,07:21:00,Femenino,Secundaria,Ocasional,11084,12,0,No,4,Media,No
66,Fraude,Miraflores,2023-05-05 22:58:58,18:45:00,Masculino,Primaria,Frecuente,7561,2,0,No,2,Baja,No
58,Hurto,Villa Fátima,2023-08-03 08:04:02,09:52:00,Masculino,Secundaria,Ocasional,8695,15,4,Sí,3,Baja,No
63,Hurto,Centro,2024-11-11 23:29:39,22:46:00,Femenino,Primaria,Ocasional,6975,4,0,No,4,Alta,No
46,Violencia Familiar,Miraflores,2023-04-27 19:25:44,04:28:00,Femenino,Secundaria,Ocasional,6521,16,0,No,5,Media,Sí
48,Secuestro,Zona Sur,2023-06-02 15:41:42,18:35:00,Femenino,Primaria,Aislado,968,27,4,No,4,Baja,Sí
60,Robo,San Pedro,2024-07-09 08:59:11,18:10:00,Masculino,Técnico,Aislado,6482,23,12,No,1,Media,No
20,Hurto,Centro,2023-02-03 00:21:32,14:27:00,Masculino,Técnico,Ocasional,8011,6,8,No,3,Media,No
66,Homicidio,Centro,2024-08-22 18:47:52,04:07:00,Masculino,Universitario,Ocasional,892,9,11,Sí,4,Baja,No
15,Violencia Familiar,Obrajes,2023-09-08 09:05:16,12:16:00,Masculino,Universitario,Frecuente,5233,0,12,No,3,Media,Sí
43,Robo,Obrajes,2022-09-08 19:47:51,00:15:00,Femenino,Secundaria,Ocasional,7621,19,10,No,2,Alta,No
41,Robo,Sopocachi,2022-10-11 16:43:50,17:44:00,Masculino,Primaria,Frecuente,4577,12,14,No,3,Alta,Sí
39,Violación,Zona Sur,2023-02-04 06:38:51,05:40:00,Femenino,Técnico,Frecuente,10581,6,12,Sí,5,Media,Sí
32,Violación,San Pedro,2022-06-22 06:09:41,12:17:00,Femenino,Técnico,Frecuente,5596,8,4,No,4,Alta,Sí
46,Secuestro,Sopocachi,2024-02-22 18:30:02,09:30:00,Femenino,Secundaria,Aislado,948,6,7,Sí,1,Baja,Sí
67,Violencia Familiar,Sopocachi,2022-01-24 19:09:53,05:57:00,Masculino,Universitario,Ocasional,9917,4,9,No,1,Media,No
32,Violencia Familiar,San Pedro,2022-08-28 02:51:18,15:56:00,Masculino,Técnico,Frecuente,11181,2,3,No,3,Alta,No
57,Violencia Familiar,Miraflores,2024-01-18 03:47:56,10:35:00,Femenino,Primaria,Ocasional,9216,0,12,No,2,Media,No
59,Hurto,Centro,2023-06-21 11:19:03,00:52:00,Masculino,Universitario,Frecuente,1288,7,0,No,1,Baja,No
62,Violencia Familiar,El Alto,2023-08-28 13:18:38,02:00:00,Masculino,Técnico,Ocasional,10907,14,1,No,1,Media,No
24,Violencia Familiar,Obrajes,2024-05-14 21:17:38,18:08:00,Masculino,Técnico,Aislado,11642,27,11,No,3,Baja,No
17,Violación,Villa Fátima,2023-03-08 00:14:42,08:34:00,Femenino,Secundaria,Aislado,1967,29,8,No,5,Alta,No
17,Hurto,Miraflores,2024-03-26 15:53:21,22:12:00,Masculino,Primaria,Ocasional,9418,1,2,No,1,Media,Sí
32,Hurto,Sopocachi,2023-10-29 04:49:12,06:10:00,Masculino,Técnico,Aislado,11074,28,12,No,3,Media,No
42,Violación,Zona Sur,2023-01-11 19:39:17,14:00:00,Masculino,Técnico,Ocasional,11640,18,13,No,3,Alta,Sí
39,Hurto,San Pedro,2023-12-15 19:56:14,05:39:00,Femenino,Primaria,Aislado,4564,16,7,No,3,Baja,Sí
20,Violencia Familiar,Villa Fátima,2022-10-01 02:59:19,02:04:00,Masculino,Secundaria,Frecuente,7272,26,14,No,1,Alta,No
26,Violencia Familiar,Zona Sur,2022-09-28 14:48:46,06:47:00,Masculino,Técnico,Frecuente,9207,22,14,No,4,Media,Sí
15,Violación,Zona Sur,2022-10-23 18:43:19,08:59:00,Masculino,Secundaria,Ocasional,8285,20,8,No,2,Alta,No
25,Asalto,El Alto,2024-10-16 11:04:24,09:43:00,Masculino,Primaria,Ocasional,5649,13,9,No,5,Baja,Sí
69,Robo,Sopocachi,2022-03-15 04:35:46,09:57:00,Femenino,Secundaria,Aislado,1666,3,1,Sí,1,Baja,No
68,Hurto,El Alto,2024-02-03 03:05:08,06:10:00,Femenino,Secundaria,Frecuente,7298,12,9,No,1,Media,Sí
27,Homicidio,Sopocachi,2022-10-21 20:11:18,07:48:00,Femenino,Técnico,Aislado,2535,1,12,No,2,Media,No
62,Hurto,Zona Sur,2022-12-15 11:26:04,05:35:00,Femenino,Secundaria,Aislado,2862,19,5,No,1,Media,Sí
60,Secuestro,Sopocachi,2023-02-24 13:56:39,01:32:00,Femenino,Universitario,Aislado,11390,16,14,No,1,Media,Sí
68,Robo,El Alto,2022-07-27 13:14:30,02:17:00,Masculino,Técnico,Ocasional,4729,25,4,Sí,4,Media,No
50,Hurto,Sopocachi,2023-09-13 18:22:45,07:04:00,Masculino,Secundaria,Ocasional,6352,11,9,No,5,Media,No
58,Violación,Villa Fátima,2022-10-06 17:57:18,08:55:00,Femenino,Primaria,Ocasional,5072,19,14,No,2,Media,No
38,Violencia Familiar,El Alto,2024-02-14 18:27:06,12:35:00,Femenino,Secundaria,Frecuente,10914,7,9,No,2,Media,Sí
45,Violencia Familiar,San Pedro,2022-07-15 06:13:51,17:09:00,Masculino,Universitario,Ocasional,6651,20,0,No,1,Media,Sí
22,Fraude,Villa Fátima,2024-01-13 03:48:55,11:34:00,Masculino,Técnico,Aislado,2529,5,3,No,4,Baja,No
28,Violencia Familiar,El Alto,2023-11-09 13:13:58,03:52:00,Masculino,Técnico,Ocasional,5541,22,6,Sí,2,Media,Sí
43,Hurto,El Alto,2022-01-11 11:30:16,19:53:00,Femenino,Universitario,Frecuente,5624,9,4,Sí,4,Alta,No
44,Asalto,San Pedro,2024-04-21 10:01:47,19:07:00,Masculino,Técnico,Ocasional,6263,7,14,Sí,1,Media,No
58,Violación,Miraflores,2022-01-23 00:21:35,08:52:00,Masculino,Universitario,Aislado,11681,23,10,Sí,2,Media,No
34,Hurto,Sopocachi,2024-08-30 12:01:31,12:38:00,Masculino,Universitario,Ocasional,8650,17,9,No,4,Media,No
34,Robo,Centro,2024-08-09 21:06:19,12:12:00,Femenino,Técnico,Ocasional,616,25,6,No,2,Baja,Sí
54,Violación,Zona Sur,2023-08-20 14:09:17,07:01:00,Femenino,Secundaria,Ocasional,9615,8,10,No,5,Alta,No
61,Hurto,Miraflores,2022-04-07 15:35:01,01:05:00,Femenino,Primaria,Aislado,6297,26,9,No,4,Alta,Sí
57,Violencia Familiar,El Alto,2024-12-08 04:02:04,12:59:00,Femenino,Secundaria,Frecuente,6442,28,4,No,2,Alta,No
54,Hurto,Sopocachi,2022-01-27 02:07:59,22:38:00,Femenino,Secundaria,Aislado,4207,17,14,Sí,1,Baja,Sí
21,Hurto,Centro,2022-04-18 20:36:01,04:57:00,Masculino,Secundaria,Ocasional,1912,11,7,No,2,Media,No
45,Violación,Centro,2024-02-28 02:37:21,14:42:00,Masculino,Universitario,Ocasional,2061,24,0,No,1,Media,Sí
40,Hurto,San Pedro,2022-05-12 10:44:29,21:48:00,Masculino,Universitario,Frecuente,703,29,14,No,3,Media,No
33,Secuestro,Sopocachi,2023-02-27 14:16:13,13:29:00,Masculino,Universitario,Ocasional,6606,18,1,Sí,1,Media,No
20,Robo,Sopocachi,2024-04-10 03:50:19,08:45:00,Masculino,Universitario,Frecuente,2314,0,6,Sí,4,Alta,No
18,Hurto,Villa Fátima,2024-04-24 15:01:29,12:10:00,Femenino,Secundaria,Aislado,502,9,1,No,2,Media,Sí
43,Violencia Familiar,El Alto,2023-08-27 01:34:50,20:28:00,Masculino,Universitario,Aislado,553,2,4,No,2,Media,Sí
49,Robo,Obrajes,2023-09-15 14:04:18,13:33:00,Femenino,Universitario,Aislado,8271,15,11,No,4,Media,No
26,Violencia Familiar,Obrajes,2024-01-23 01:03:52,22:54:00,Masculino,Universitario,Aislado,2164,24,0,Sí,1,Baja,No
61,Fraude,Obrajes,2024-10-28 08:37:04,01:46:00,Masculino,Primaria,Ocasional,11931,3,13,Sí,5,Baja,Sí
39,Robo,El Alto,2023-12-01 23:05:16,00:42:00,Masculino,Técnico,Frecuente,5363,9,2,No,2,Baja,No
30,Violación,Sopocachi,2022-07-01 21:31:19,23:01:00,Masculino,Técnico,Frecuente,2986,15,7,Sí,2,Alta,No
56,Hurto,Obrajes,2022-09-04 04:57:19,19:16:00,Masculino,Secundaria,Ocasional,9197,23,1,No,3,Media,No
46,Violencia Familiar,Centro,2023-04-20 12:20:59,04:27:00,Masculino,Universitario,Ocasional,11515,5,7,Sí,5,Alta,Sí
54,Violencia Familiar,Villa Fátima,2022-05-04 01:24:41,10:27:00,Masculino,Secundaria,Aislado,3487,22,7,No,5,Baja,Sí
61,Hurto,Sopocachi,2024-02-14 23:45:41,07:55:00,Femenino,Secundaria,Frecuente,11170,23,14,No,5,Alta,No
19,Asalto,Obrajes,2024-01-26 21:59:49,07:59:00,Masculino,Secundaria,Ocasional,5696,25,10,No,2,Baja,Sí
22,Robo,Villa Fátima,2024-01-27 15:38:45,22:05:00,Masculino,Técnico,Ocasional,9373,25,3,Sí,4,Baja,No
40,Violación,El Alto,2023-02-03 08:48:03,09:31:00,Masculino,Universitario,Frecuente,3752,23,1,No,1,Media,No
22,Robo,El Alto,2024-12-28 06:19:23,06:24:00,Masculino,Técnico,Aislado,8962,23,4,No,4,Baja,No
66,Violencia Familiar,San Pedro,2022-05-30 02:15:25,22:21:00,Masculino,Secundaria,Ocasional,11688,26,9,No,3,Media,No
65,Violencia Familiar,Centro,2024-02-28 23:39:50,08:46:00,Masculino,Secundaria,Ocasional,7181,21,9,No,3,Baja,No
50,Robo,San Pedro,2023-11-27 06:01:16,18:43:00,Femenino,Secundaria,Frecuente,1568,28,9,No,2,Media,Sí
55,Robo,San Pedro,2024-11-22 20:07:11,14:26:00,Masculino,Técnico,Ocasional,11284,14,10,No,5,Media,Sí
23,Violación,San Pedro,2022-05-19 23:34:29,12:26:00,Masculino,Universitario,Aislado,11288,11,4,Sí,4,Media,Sí
60,Violación,Miraflores,2024-01-29 22:23:42,19:52:00,Masculino,Técnico,Ocasional,10923,24,6,No,2,Media,No
54,Violación,Villa Fátima,2023-10-10 04:28:17,01:03:00,Masculino,Técnico,Ocasional,4114,28,0,No,3,Baja,Sí
44,Violencia Familiar,Centro,2022-10-20 12:35:51,05:32:00,Femenino,Primaria,Frecuente,9323,27,5,No,1,Alta,No
34,Asalto,Obrajes,2024-08-30 05:19:25,08:31:00,Masculino,Técnico,Ocasional,578,10,12,No,3,Media,No
69,Robo,El Alto,2022-05-12 04:12:28,15:23:00,Femenino,Técnico,Aislado,10243,10,3,No,4,Baja,No
68,Violencia Familiar,Sopocachi,2023-06-19 00:38:44,08:54:00,Femenino,Universitario,Ocasional,7093,20,4,Sí,1,Media,Sí
29,Hurto,Villa Fátima,2024-03-30 21:30:56,09:20:00,Masculino,Técnico,Ocasional,9621,4,2,No,4,Alta,Sí
25,Asalto,Zona Sur,2024-04-14 22:00:39,04:59:00,Femenino,Primaria,Frecuente,2373,15,0,No,3,Media,No
34,Violación,Sopocachi,2022-04-18 15:45:43,17:28:00,Femenino,Secundaria,Ocasional,10759,13,2,No,2,Media,Sí
32,Homicidio,Miraflores,2022-01-16 15:07:47,00:57:00,Masculino,Secundaria,Frecuente,8313,13,3,No,3,Baja,No
18,Asalto,San Pedro,2024-07-13 12:38:53,01:24:00,Masculino,Primaria,Ocasional,2578,20,2,No,2,Media,Sí
61,Secuestro,Miraflores,2023-05-26 01:11:11,06:09:00,Masculino,Universitario,Aislado,9785,20,0,No,5,Alta,No
61,Asalto,Zona Sur,2023-11-04 04:44:27,23:43:00,Masculino,Secundaria,Frecuente,1664,12,2,Sí,1,Alta,No
41,Hurto,El Alto,2023-08-06 07:53:29,19:40:00,Femenino,Universitario,Frecuente,1723,6,8,Sí,5,Alta,No
60,Violación,Miraflores,2024-06-18 12:39:48,01:21:00,Masculino,Universitario,Aislado,1926,19,2,No,4,Media,Sí
35,Violencia Familiar,El Alto,2023-06-08 07:16:56,19:18:00,Masculino,Primaria,Frecuente,2784,25,1,No,5,Alta,No
31,Violencia Familiar,Miraflores,2023-09-15 07:22:25,22:04:00,Masculino,Universitario,Frecuente,9958,14,7,No,2,Baja,No
55,Fraude,Sopocachi,2024-05-14 18:07:35,00:50:00,Femenino,Primaria,Aislado,5180,25,13,No,2,Media,Sí
59,Violencia Familiar,Centro,2024-07-26 12:35:46,10:00:00,Masculino,Secundaria,Ocasional,6295,19,7,No,4,Alta,No
21,Robo,San Pedro,2024-11-13 18:38:08,07:06:00,Femenino,Primaria,Frecuente,5193,12,7,Sí,2,Baja,Sí
15,Homicidio,Villa Fátima,2023-10-22 05:29:07,21:23:00,Masculino,Secundaria,Ocasional,2173,11,11,No,5,Media,No
53,Fraude,Miraflores,2023-11-25 12:42:15,10:16:00,Femenino,Secundaria,Aislado,8779,15,8,No,2,Media,Sí
67,Asalto,Miraflores,2022-01-21 15:11:35,00:50:00,Masculino,Técnico,Ocasional,5816,22,3,No,2,Alta,No
65,Violación,Miraflores,2023-12-15 09:12:24,08:42:00,Masculino,Secundaria,Frecuente,11163,9,7,Sí,1,Alta,Sí
33,Asalto,Zona Sur,2022-07-30 10:08:04,21:20:00,Femenino,Secundaria,Ocasional,6700,8,8,Sí,5,Alta,Sí
68,Hurto,Zona Sur,2024-04-24 22:53:09,17:41:00,Masculino,Secundaria,Frecuente,2626,29,1,No,4,Baja,No
51,Hurto,Centro,2024-12-12 06:01:15,22:08:00,Masculino,Universitario,Frecuente,9264,3,11,No,5,Media,Sí
49,Violación,Villa Fátima,2022-05-21 15:08:11,22:12:00,Masculino,Universitario,Frecuente,8354,28,14,No,2,Media,Sí
19,Violencia Familiar,Sopocachi,2024-02-15 14:10:37,08:03:00,Masculino,Secundaria,Ocasional,3867,22,13,Sí,1,Media,Sí
54,Hurto,Sopocachi,2022-05-17 03:22:56,05:59:00,Masculino,Técnico,Ocasional,3887,6,2,Sí,2,Media,No
59,Robo,Zona Sur,2022-08-06 00:56:22,02:11:00,Masculino,Universitario,Ocasional,6763,6,2,Sí,3,Alta,Sí
48,Asalto,Villa Fátima,2022-04-13 02:26:11,03:50:00,Masculino,Secundaria,Ocasional,6224,20,12,No,1,Media,Sí
41,Violación,Villa Fátima,2023-09-01 17:23:42,02:46:00,Femenino,Secundaria,Ocasional,9700,24,9,Sí,2,Media,Sí
15,Robo,Miraflores,2023-02-28 17:29:49,14:20:00,Masculino,Primaria,Frecuente,6913,9,12,Sí,5,Media,No
38,Robo,Zona Sur,2022-05-31 20:47:42,10:20:00,Masculino,Técnico,Ocasional,2220,28,0,Sí,2,Media,Sí
63,Violación,El Alto,2022-11-06 12:35:57,09:45:00,Masculino,Primaria,Frecuente,10128,21,11,Sí,3,Alta,No
25,Violación,Centro,2022-12-19 08:10:53,09:24:00,Femenino,Universitario,Ocasional,1400,7,9,Sí,4,Baja,Sí
21,Violación,San Pedro,2022-05-31 04:07:27,09:39:00,Masculino,Universitario,Ocasional,7508,0,11,No,1,Baja,No
65,Violencia Familiar,Centro,2022-11-16 17:50:36,14:51:00,Masculino,Técnico,Ocasional,10788,24,14,No,5,Media,Sí
46,Violación,Sopocachi,2024-09-15 22:09:00,00:06:00,Masculino,Primaria,Ocasional,6061,18,3,No,2,Media,No
61,Fraude,Zona Sur,2022-04-07 18:53:35,23:03:00,Femenino,Primaria,Ocasional,6852,21,11,No,3,Alta,Sí
21,Asalto,Centro,2023-07-18 15:08:12,16:18:00,Masculino,Primaria,Ocasional,10270,26,8,Sí,5,Baja,No
57,Secuestro,Sopocachi,2024-01-28 12:56:37,18:26:00,Masculino,Universitario,Frecuente,5395,22,2,No,1,Alta,No
34,Secuestro,Miraflores,2022-09-13 16:49:43,21:23:00,Masculino,Universitario,Frecuente,4386,1,6,No,5,Alta,Sí
33,Violación,Centro,2024-11-13 21:50:03,00:49:00,Masculino,Primaria,Frecuente,3444,10,14,No,4,Media,No
49,Violencia Familiar,San Pedro,2022-10-19 10:37:30,10:26:00,Masculino,Universitario,Frecuente,8043,4,14,No,1,Media,No
31,Robo,Sopocachi,2022-05-27 07:23:17,11:47:00,Femenino,Universitario,Ocasional,4019,2,7,Sí,2,Alta,No
30,Asalto,Sopocachi,2022-09-19 01:38:25,06:03:00,Masculino,Universitario,Ocasional,664,29,9,Sí,5,Baja,No
45,Violación,Miraflores,2022-08-21 11:35:59,01:10:00,Femenino,Primaria,Frecuente,11760,11,12,No,3,Media,No
32,Violencia Familiar,Sopocachi,2022-03-16 12:55:49,16:09:00,Femenino,Técnico,Frecuente,5150,7,10,No,3,Media,Sí
35,Violencia Familiar,Villa Fátima,2022-01-11 18:38:24,13:06:00,Masculino,Primaria,Frecuente,1383,14,13,Sí,1,Media,No
54,Fraude,Obrajes,2022-12-15 20:19:22,19:17:00,Femenino,Primaria,Ocasional,6617,17,14,Sí,4,Media,No
27,Violencia Familiar,Obrajes,2022-07-30 22:35:49,15:26:00,Femenino,Técnico,Aislado,10501,13,2,No,2,Media,No
65,Violencia Familiar,El Alto,2024-01-15 16:54:17,03:08:00,Femenino,Secundaria,Ocasional,10115,15,8,Sí,5,Media,No
61,Homicidio,San Pedro,2022-11-21 06:49:35,19:14:00,Femenino,Universitario,Frecuente,1004,5,9,Sí,2,Media,Sí
23,Hurto,El Alto,2024-11-15 00:12:00,10:28:00,Femenino,Secundaria,Ocasional,5386,17,13,No,1,Alta,No
15,Violencia Familiar,Centro,2022-06-20 10:08:52,13:10:00,Femenino,Técnico,Ocasional,3206,24,9,No,2,Baja,Sí
67,Homicidio,Miraflores,2022-07-29 01:50:14,05:14:00,Masculino,Secundaria,Ocasional,4092,29,4,No,1,Media,No
16,Violación,Zona Sur,2023-04-25 12:40:14,13:28:00,Masculino,Secundaria,Ocasional,11109,19,0,No,4,Baja,No
40,Violación,Miraflores,2023-07-20 02:41:39,06:14:00,Masculino,Secundaria,Frecuente,1560,15,11,No,4,Media,Sí
27,Asalto,Obrajes,2024-07-10 01:02:50,20:09:00,Masculino,Técnico,Ocasional,3622,16,14,No,4,Media,No
44,Violencia Familiar,Miraflores,2022-10-05 14:52:05,01:36:00,Masculino,Primaria,Ocasional,11212,3,12,Sí,5,Alta,No
18,Violación,Centro,2023-10-19 20:44:52,00:30:00,Masculino,Técnico,Aislado,8508,15,11,No,2,Alta,No
25,Violación,Centro,2024-03-04 14:14:51,07:01:00,Masculino,Primaria,Frecuente,2766,14,7,Sí,2,Alta,No
37,Robo,Sopocachi,2023-06-27 23:12:26,12:23:00,Masculino,Técnico,Frecuente,10662,23,10,No,4,Alta,No
69,Violencia Familiar,Zona Sur,2022-03-24 14:43:30,04:12:00,Femenino,Técnico,Frecuente,3206,6,4,Sí,4,Alta,No
27,Hurto,Villa Fátima,2023-11-04 12:46:37,00:34:00,Masculino,Primaria,Frecuente,6537,16,0,No,1,Media,No
28,Hurto,Miraflores,2023-07-11 10:47:30,12:31:00,Femenino,Secundaria,Frecuente,6054,24,7,Sí,1,Media,No
33,Violencia Familiar,San Pedro,2022-11-21 23:18:13,10:26:00,Femenino,Secundaria,Frecuente,6265,7,2,No,2,Baja,No
28,Violencia Familiar,Villa Fátima,2024-03-15 07:34:47,08:32:00,Femenino,Técnico,Ocasional,1010,25,10,Sí,2,Baja,No
42,Fraude,El Alto,2023-03-31 15:51:37,23:53:00,Masculino,Secundaria,Frecuente,3453,8,8,No,4,Baja,Sí
55,Fraude,Zona Sur,2024-06-27 06:21:08,18:43:00,Masculino,Universitario,Ocasional,7832,15,13,No,1,Alta,No
58,Violencia Familiar,Miraflores,2023-06-29 22:17:04,23:39:00,Masculino,Universitario,Aislado,6222,10,13,No,3,Alta,No
42,Hurto,Sopocachi,2022-10-01 05:42:21,02:49:00,Masculino,Secundaria,Aislado,11067,4,4,No,3,Baja,Sí
46,Asalto,Villa Fátima,2023-05-12 03:58:20,01:52:00,Femenino,Primaria,Ocasional,3374,14,14,No,4,Media,No
63,Violencia Familiar,Villa Fátima,2023-02-01 22:06:34,10:50:00,Femenino,Universitario,Ocasional,5841,4,14,No,5,Baja,Sí
44,Violencia Familiar,Zona Sur,2024-01-30 18:49:29,22:43:00,Femenino,Universitario,Ocasional,11805,0,6,Sí,1,Media,Sí
17,Violación,Miraflores,2022-09-30 21:50:32,11:45:00,Masculino,Universitario,Frecuente,656,11,6,Sí,5,Media,No
37,Hurto,Zona Sur,2022-12-14 03:53:33,04:39:00,Masculino,Secundaria,Frecuente,1244,3,4,Sí,3,Alta,No
43,Violación,San Pedro,2022-08-16 14:07:09,05:57:00,Femenino,Universitario,Frecuente,9997,12,14,No,4,Alta,No
15,Violación,Zona Sur,2023-05-26 18:18:16,12:22:00,Femenino,Universitario,Ocasional,3120,11,4,No,5,Alta,Sí
55,Violencia Familiar,Villa Fátima,2022-01-15 06:01:31,20:30:00,Masculino,Secundaria,Frecuente,10502,5,8,Sí,2,Alta,No
33,Hurto,El Alto,2024-03-03 20:07:10,08:12:00,Femenino,Secundaria,Frecuente,7467,1,12,Sí,1,Baja,No
20,Violencia Familiar,Villa Fátima,2022-08-06 12:24:41,15:20:00,Masculino,Primaria,Frecuente,5787,23,0,No,1,Baja,No
63,Secuestro,Villa Fátima,2022-01-13 09:03:14,11:51:00,Femenino,Secundaria,Frecuente,11473,16,14,Sí,1,Media,No
62,Violación,Zona Sur,2024-08-09 23:02:42,17:28:00,Femenino,Primaria,Ocasional,9092,1,2,No,5,Media,Sí
15,Violación,Zona Sur,2024-03-14 11:13:28,10:16:00,Masculino,Primaria,Frecuente,2815,21,12,Sí,1,Baja,Sí
52,Hurto,Villa Fátima,2023-03-17 18:17:56,06:42:00,Femenino,Universitario,Frecuente,9472,20,11,No,5,Alta,No
69,Robo,Obrajes,2024-07-30 19:39:22,03:28:00,Masculino,Primaria,Frecuente,7129,22,10,No,3,Media,No
26,Violación,Sopocachi,2022-07-14 17:52:25,10:03:00,Femenino,Universitario,Frecuente,8072,15,11,No,4,Media,No
32,Hurto,San Pedro,2024-06-03 03:57:30,21:23:00,Masculino,Técnico,Frecuente,7512,2,8,No,3,Alta,No
18,Homicidio,Centro,2022-02-05 00:43:55,11:56:00,Femenino,Secundaria,Aislado,11107,0,14,Sí,2,Media,Sí
21,Secuestro,Zona Sur,2022-07-24 02:55:41,02:54:00,Masculino,Técnico,Ocasional,11437,3,8,No,2,Media,Sí
15,Secuestro,El Alto,2022-08-16 11:45:14,15:13:00,Masculino,Universitario,Frecuente,3430,17,6,Sí,2,Media,Sí
16,Violencia Familiar,Zona Sur,2023-10-13 17:00:09,04:31:00,Masculino,Universitario,Aislado,4360,3,5,No,1,Media,No
58,Violencia Familiar,Centro,2024-02-17 11:46:18,16:33:00,Masculino,Técnico,Frecuente,843,19,9,No,2,Media,No
15,Asalto,Villa Fátima,2022-01-22 14:57:34,14:21:00,Masculino,Primaria,Ocasional,2726,12,2,No,4,Alta,No
39,Violencia Familiar,Zona Sur,2024-03-19 22:09:02,17:39:00,Masculino,Secundaria,Ocasional,2734,4,9,Sí,2,Media,No
37,Homicidio,San Pedro,2022-05-07 05:52:40,06:02:00,Masculino,Secundaria,Ocasional,6872,13,3,No,4,Media,Sí
25,Robo,Obrajes,2024-11-30 06:35:19,10:05:00,Masculino,Técnico,Aislado,9006,17,6,No,4,Media,No
37,Violación,Miraflores,2023-08-29 00:41:49,11:25:00,Femenino,Técnico,Ocasional,11297,6,13,No,4,Baja,Sí
50,Fraude,Sopocachi,2022-09-30 06:40:53,10:08:00,Masculino,Universitario,Frecuente,8594,12,9,No,3,Baja,No
61,Homicidio,El Alto,2024-09-29 09:13:45,11:13:00,Masculino,Técnico,Frecuente,7459,21,2,Sí,5,Media,No
58,Violación,San Pedro,2024-12-12 16:03:50,04:15:00,Masculino,Secundaria,Ocasional,7633,20,6,No,4,Media,No
49,Violencia Familiar,El Alto,2023-04-09 17:02:41,10:38:00,Masculino,Secundaria,Aislado,4570,21,10,No,4,Baja,No
17,Violación,Miraflores,2023-11-01 23:18:42,22:45:00,Femenino,Técnico,Ocasional,7332,0,5,No,5,Alta,No
53,Violencia Familiar,El Alto,2024-03-18 23:16:10,20:57:00,Masculino,Técnico,Frecuente,2103,0,7,No,1,Media,No
18,Asalto,Zona Sur,2022-12-27 13:18:25,23:15:00,Masculino,Técnico,Ocasional,8436,8,2,Sí,2,Baja,No
20,Violencia Familiar,Sopocachi,2023-11-02 09:30:08,07:00:00,Femenino,Técnico,Ocasional,2687,25,3,No,4,Media,No
28,Violación,Villa Fátima,2023-05-17 19:40:38,18:26:00,Femenino,Universitario,Frecuente,4846,1,6,No,1,Alta,No
36,Violencia Familiar,Zona Sur,2023-02-22 04:44:56,00:38:00,Masculino,Técnico,Frecuente,1868,20,10,No,3,Baja,No
65,Homicidio,Miraflores,2022-10-06 08:19:57,23:11:00,Masculino,Primaria,Aislado,4935,18,12,Sí,1,Media,Sí
41,Secuestro,San Pedro,2023-03-30 13:47:57,06:29:00,Masculino,Secundaria,Frecuente,5509,7,3,Sí,2,Media,No
44,Robo,Sopocachi,2022-02-25 16:27:15,23:56:00,Masculino,Universitario,Ocasional,10750,26,4,Sí,2,Media,No
57,Violencia Familiar,Sopocachi,2023-03-27 07:34:02,11:45:00,Femenino,Secundaria,Frecuente,11776,13,4,Sí,1,Media,No
39,Asalto,Miraflores,2023-03-11 00:40:44,00:48:00,Femenino,Secundaria,Ocasional,3093,16,5,No,2,Baja,Sí
47,Asalto,Miraflores,2023-11-28 22:28:42,08:52:00,Masculino,Técnico,Ocasional,6930,24,8,Sí,4,Baja,No
56,Violencia Familiar,San Pedro,2023-04-14 13:29:30,07:56:00,Masculino,Técnico,Ocasional,10383,22,0,Sí,1,Media,Sí
28,Violencia Familiar,Sopocachi,2022-06-26 14:27:45,16:16:00,Masculino,Técnico,Ocasional,8742,25,0,No,5,Alta,No
30,Violencia Familiar,Zona Sur,2023-10-01 09:27:14,19:49:00,Femenino,Secundaria,Frecuente,1505,28,0,No,4,Media,Sí
48,Homicidio,Obrajes,2023-06-28 00:09:09,04:00:00,Masculino,Primaria,Ocasional,10422,14,14,Sí,2,Media,No
27,Asalto,Sopocachi,2024-07-14 21:13:43,10:49:00,Masculino,Universitario,Frecuente,3905,1,7,Sí,2,Media,Sí
25,Violencia Familiar,El Alto,2024-03-28 17:19:31,05:46:00,Masculino,Primaria,Aislado,11447,5,3,Sí,5,Media,No
17,Hurto,Villa Fátima,2022-01-10 15:13:01,01:45:00,Masculino,Secundaria,Ocasional,4795,22,7,No,2,Alta,No
68,Violencia Familiar,Obrajes,2024-04-18 15:36:24,19:18:00,Femenino,Secundaria,Frecuente,1187,24,4,Sí,3,Media,No
62,Violencia Familiar,El Alto,2024-04-19 22:00:56,09:48:00,Masculino,Secundaria,Ocasional,1620,26,10,No,1,Media,No
59,Violencia Familiar,Zona Sur,2023-06-09 21:03:41,05:50:00,Masculino,Universitario,Aislado,8821,13,3,No,4,Alta,No
39,Robo,San Pedro,2022-11-30 17:39:08,19:37:00,Masculino,Primaria,Ocasional,2667,6,8,Sí,3,Media,Sí
43,Violación,Centro,2022-10-19 07:21:52,22:12:00,Masculino,Universitario,Aislado,4455,12,12,No,2,Media,No
45,Homicidio,Miraflores,2023-09-25 21:11:21,05:05:00,Masculino,Técnico,Ocasional,10002,0,12,No,4,Baja,Sí
50,Hurto,San Pedro,2024-10-30 13:19:25,02:56:00,Masculino,Primaria,Aislado,514,22,0,No,2,Media,No
25,Hurto,Obrajes,2022-12-15 17:41:12,06:31:00,Masculino,Primaria,Frecuente,7024,14,8,No,2,Alta,Sí
40,Violencia Familiar,Obrajes,2022-03-26 09:25:20,05:54:00,Masculino,Primaria,Aislado,9769,12,9,No,5,Baja,No
52,Hurto,Miraflores,2024-12-11 06:13:38,20:08:00,Masculino,Primaria,Frecuente,2734,25,7,No,1,Alta,No
40,Hurto,San Pedro,2023-10-10 04:17:48,23:15:00,Femenino,Universitario,Ocasional,1113,5,0,No,1,Alta,No
68,Violencia Familiar,Zona Sur,2022-04-09 21:03:18,11:09:00,Femenino,Secundaria,Frecuente,10291,29,14,Sí,2,Media,Sí
55,Violación,Zona Sur,2022-10-18 05:22:45,17:25:00,Femenino,Técnico,Frecuente,5851,28,13,No,1,Media,No
28,Robo,Obrajes,2022-04-20 15:44:53,09:23:00,Masculino,Universitario,Frecuente,3535,22,9,No,2,Alta,No
53,Violencia Familiar,Villa Fátima,2022-09-30 02:46:06,10:45:00,Femenino,Técnico,Ocasional,2359,24,13,No,3,Media,Sí
55,Robo,Obrajes,2024-03-11 23:52:32,22:09:00,Masculino,Técnico,Aislado,2759,20,1,No,3,Media,Sí
16,Violencia Familiar,San Pedro,2024-05-20 21:03:31,01:01:00,Femenino,Técnico,Ocasional,545,24,13,No,2,Media,Sí
63,Violación,El Alto,2023-02-13 04:37:14,19:16:00,Masculino,Técnico,Ocasional,11206,2,2,No,5,Alta,No
43,Robo,Centro,2023-10-30 06:12:57,12:27:00,Masculino,Primaria,Ocasional,10311,14,14,No,1,Media,Sí
28,Hurto,Villa Fátima,2024-12-09 23:14:17,17:40:00,Masculino,Primaria,Aislado,11061,14,6,Sí,2,Media,Sí
66,Hurto,Centro,2024-01-24 06:35:01,14:06:00,Masculino,Primaria,Ocasional,7730,8,10,No,1,Alta,Sí
36,Violencia Familiar,Miraflores,2022-01-06 20:42:08,21:07:00,Masculino,Universitario,Aislado,4356,22,2,No,2,Baja,No
46,Violencia Familiar,Villa Fátima,2024-12-04 21:32:45,16:42:00,Masculino,Técnico,Frecuente,10746,18,11,Sí,3,Media,No
64,Robo,Miraflores,2022-04-01 08:30:33,23:50:00,Masculino,Técnico,Frecuente,10527,20,2,No,2,Alta,No
31,Robo,Centro,2023-10-01 18:23:44,12:59:00,Masculino,Primaria,Ocasional,7265,22,11,No,1,Media,Sí
18,Violencia Familiar,Zona Sur,2022-11-28 17:31:39,16:55:00,Femenino,Universitario,Frecuente,10232,12,3,No,1,Media,No
66,Asalto,San Pedro,2022-10-05 09:05:56,16:33:00,Femenino,Secundaria,Ocasional,5213,8,13,No,3,Media,No
57,Hurto,Sopocachi,2024-10-09 02:11:31,17:34:00,Femenino,Secundaria,Frecuente,6426,29,1,No,5,Media,No
33,Robo,San Pedro,2023-02-19 00:40:34,22:46:00,Femenino,Técnico,Ocasional,9805,5,10,No,5,Media,No
36,Violación,San Pedro,2023-11-18 08:23:06,08:24:00,Femenino,Primaria,Frecuente,7481,11,3,Sí,5,Media,No
24,Violencia Familiar,San Pedro,2022-11-24 13:44:24,21:54:00,Masculino,Técnico,Frecuente,11462,3,14,No,4,Media,Sí
23,Robo,Centro,2024-12-16 21:12:16,07:35:00,Masculino,Técnico,Aislado,2920,12,4,Sí,5,Media,No
15,Violación,Sopocachi,2024-07-27 16:04:13,21:27:00,Femenino,Secundaria,Ocasional,8995,23,14,No,1,Media,Sí
38,Violencia Familiar,Obrajes,2022-08-05 03:29:28,05:30:00,Masculino,Primaria,Ocasional,4827,17,5,No,4,Media,Sí
35,Violación,Centro,2022-05-07 16:04:18,02:14:00,Femenino,Secundaria,Ocasional,2402,27,2,No,2,Media,No
22,Hurto,Obrajes,2022-04-28 16:10:56,12:30:00,Masculino,Primaria,Aislado,2590,28,5,No,4,Baja,Sí
55,Violencia Familiar,Obrajes,2022-10-05 00:58:38,05:50:00,Masculino,Secundaria,Frecuente,3732,16,12,Sí,2,Media,No
36,Robo,Sopocachi,2023-04-08 09:06:45,13:03:00,Femenino,Universitario,Frecuente,8070,5,9,No,5,Baja,No
60,Violencia Familiar,Centro,2024-10-18 22:31:12,21:52:00,Masculino,Técnico,Frecuente,10638,24,5,Sí,1,Media,Sí
65,Fraude,Zona Sur,2022-12-19 14:03:07,15:03:00,Masculino,Técnico,Frecuente,588,23,7,Sí,1,Baja,No
42,Hurto,Sopocachi,2022-08-23 08:26:33,10:54:00,Masculino,Primaria,Ocasional,3486,3,13,Sí,4,Media,No
58,Hurto,El Alto,2023-02-02 03:51:14,02:28:00,Masculino,Técnico,Aislado,8525,1,9,No,3,Baja,No
30,Asalto,San Pedro,2023-11-22 14:08:24,01:20:00,Masculino,Secundaria,Frecuente,2027,0,7,No,1,Alta,No
63,Violación,Miraflores,2023-02-22 08:49:53,02:25:00,Masculino,Secundaria,Frecuente,5555,6,5,No,5,Alta,Sí
67,Violencia Familiar,Obrajes,2023-08-30 17:12:38,19:09:00,Masculino,Universitario,Ocasional,1172,8,2,No,4,Media,No
63,Fraude,Centro,2023-11-05 07:02:01,23:29:00,Masculino,Universitario,Frecuente,11069,2,13,No,3,Media,Sí
59,Violación,Zona Sur,2023-02-08 08:00:57,18:10:00,Masculino,Universitario,Ocasional,6882,17,13,No,1,Media,No
63,Robo,Obrajes,2022-03-16 02:07:43,01:31:00,Masculino,Secundaria,Ocasional,1787,12,0,No,2,Media,No
43,Violencia Familiar,Miraflores,2022-10-23 04:24:37,13:45:00,Masculino,Primaria,Aislado,11251,17,8,No,5,Baja,No
51,Hurto,Zona Sur,2023-04-02 07:25:07,09:37:00,Femenino,Primaria,Frecuente,2990,2,5,No,4,Media,No
38,Violencia Familiar,San Pedro,2023-01-08 01:38:55,17:54:00,Masculino,Técnico,Frecuente,1078,1,2,No,3,Baja,No
68,Hurto,Zona Sur,2024-11-05 13:25:14,01:24:00,Masculino,Secundaria,Ocasional,4001,7,2,Sí,5,Media,No
48,Violencia Familiar,Centro,2024-02-01 14:45:22,17:23:00,Femenino,Primaria,Ocasional,5582,18,1,Sí,2,Baja,No
33,Asalto,Villa Fátima,2022-10-10 04:25:53,01:26:00,Masculino,Secundaria,Frecuente,10814,23,3,Sí,5,Baja,No
56,Violencia Familiar,San Pedro,2022-04-25 08:06:05,22:51:00,Femenino,Universitario,Frecuente,9527,6,8,No,2,Alta,No
65,Violencia Familiar,Miraflores,2023-09-25 04:36:19,13:56:00,Femenino,Primaria,Frecuente,2884,4,1,No,5,Alta,No
38,Violencia Familiar,Zona Sur,2022-08-12 15:56:20,07:27:00,Masculino,Primaria,Frecuente,9104,13,8,No,3,Media,No
63,Asalto,Obrajes,2023-02-16 15:31:41,15:10:00,Masculino,Primaria,Aislado,10957,14,3,Sí,5,Baja,Sí
57,Violencia Familiar,Zona Sur,2024-05-14 12:52:34,05:56:00,Masculino,Primaria,Ocasional,4500,15,8,No,4,Media,No
61,Robo,Centro,2024-10-08 16:31:45,02:03:00,Masculino,Universitario,Ocasional,9876,1,12,Sí,5,Baja,No
64,Violación,El Alto,2022-04-11 13:58:58,21:20:00,Masculino,Técnico,Ocasional,11614,2,4,No,4,Media,No
24,Violación,Centro,2022-05-14 12:44:35,07:53:00,Masculino,Universitario,Frecuente,7859,8,7,No,2,Alta,No
44,Robo,El Alto,2022-11-16 15:11:20,05:13:00,Masculino,Secundaria,Frecuente,4759,1,9,No,4,Media,No
42,Robo,Villa Fátima,2023-12-07 06:19:59,17:54:00,Femenino,Secundaria,Ocasional,7592,10,0,No,1,Media,Sí
36,Secuestro,Miraflores,2022-02-05 16:04:51,19:22:00,Masculino,Primaria,Aislado,6179,23,4,No,1,Alta,Sí
27,Violación,Obrajes,2024-12-05 12:10:46,18:39:00,Masculino,Secundaria,Frecuente,9906,28,6,No,1,Alta,No
36,Hurto,Villa Fátima,2023-08-07 11:22:36,02:08:00,Masculino,Primaria,Frecuente,2417,7,9,Sí,4,Baja,No
15,Violencia Familiar,Centro,2023-10-09 21:02:20,12:02:00,Masculino,Primaria,Ocasional,7293,4,13,Sí,1,Baja,Sí
24,Violación,Centro,2024-11-04 19:28:36,21:19:00,Masculino,Técnico,Ocasional,5348,14,8,Sí,2,Media,No
49,Violencia Familiar,Miraflores,2022-07-04 22:21:13,09:53:00,Masculino,Primaria,Ocasional,2080,0,10,No,4,Media,No
39,Violación,Sopocachi,2022-12-23 10:28:41,14:54:00,Masculino,Primaria,Ocasional,2334,3,2,No,3,Baja,Sí
44,Robo,Sopocachi,2022-11-26 23:52:14,09:07:00,Femenino,Primaria,Aislado,5557,2,1,No,1,Alta,Sí
34,Homicidio,Zona Sur,2023-08-19 23:05:16,20:38:00,Masculino,Técnico,Ocasional,2771,8,2,No,1,Media,Sí
18,Violencia Familiar,Centro,2022-09-21 19:07:29,12:14:00,Masculino,Técnico,Aislado,11857,10,7,No,5,Media,No
29,Violencia Familiar,Villa Fátima,2024-03-26 13:56:55,03:01:00,Masculino,Técnico,Frecuente,2174,3,2,No,5,Baja,Sí
23,Violación,Centro,2023-10-21 01:48:00,13:20:00,Masculino,Universitario,Ocasional,5508,0,14,Sí,2,Alta,Sí
56,Robo,El Alto,2023-07-18 08:52:49,21:22:00,Femenino,Primaria,Frecuente,3687,4,14,No,5,Media,Sí
39,Hurto,Sopocachi,2023-11-30 05:12:09,23:13:00,Masculino,Secundaria,Aislado,3092,13,14,No,2,Media,Sí
45,Violencia Familiar,El Alto,2023-04-08 19:47:37,05:21:00,Masculino,Secundaria,Ocasional,7877,25,13,No,2,Baja,Sí
37,Violación,Zona Sur,2022-08-07 04:53:53,02:07:00,Femenino,Técnico,Ocasional,1219,4,8,No,3,Media,Sí
18,Secuestro,San Pedro,2024-12-11 07:59:55,11:17:00,Masculino,Técnico,Ocasional,2460,15,2,No,2,Media,No
29,Hurto,San Pedro,2023-02-22 03:32:10,21:21:00,Femenino,Universitario,Frecuente,2054,14,14,No,5,Alta,No
25,Violencia Familiar,Zona Sur,2024-05-27 16:10:51,18:52:00,Masculino,Secundaria,Ocasional,7834,24,0,Sí,1,Alta,No
55,Fraude,Sopocachi,2024-05-24 17:53:01,12:59:00,Masculino,Primaria,Aislado,6122,8,1,Sí,4,Baja,No
50,Violación,Obrajes,2023-07-01 03:31:12,23:42:00,Masculino,Secundaria,Frecuente,4366,9,9,No,5,Baja,No
51,Robo,Miraflores,2023-09-23 11:01:58,06:19:00,Masculino,Universitario,Frecuente,7247,13,13,Sí,2,Baja,Sí
63,Hurto,Obrajes,2022-04-05 03:14:24,08:37:00,Masculino,Secundaria,Frecuente,8947,7,9,No,5,Baja,Sí
68,Violación,Centro,2023-11-28 14:53:21,09:13:00,Masculino,Universitario,Ocasional,4349,15,0,No,3,Baja,Sí
60,Hurto,Obrajes,2024-04-07 18:05:45,01:24:00,Femenino,Técnico,Ocasional,1611,20,12,No,3,Baja,No
57,Violencia Familiar,Villa Fátima,2024-07-07 03:44:41,17:59:00,Femenino,Secundaria,Ocasional,7287,4,14,No,2,Alta,No
39,Robo,Villa Fátima,2023-05-26 02:15:33,16:44:00,Masculino,Universitario,Aislado,7638,10,6,No,1,Alta,No
61,Robo,San Pedro,2023-11-11 11:15:23,04:14:00,Masculino,Secundaria,Ocasional,847,17,12,Sí,5,Baja,Sí
42,Violencia Familiar,El Alto,2024-12-25 21:33:27,06:11:00,Masculino,Secundaria,Aislado,9806,17,13,No,2,Alta,No
37,Fraude,Obrajes,2023-12-10 21:32:21,07:29:00,Masculino,Secundaria,Frecuente,788,11,3,No,4,Media,No
34,Violencia Familiar,Centro,2022-06-28 00:24:22,02:41:00,Femenino,Primaria,Frecuente,11598,1,11,No,3,Media,No
47,Hurto,Villa Fátima,2023-11-10 14:56:51,00:31:00,Masculino,Universitario,Frecuente,2912,1,8,No,5,Alta,Sí
34,Asalto,Miraflores,2023-01-31 10:00:30,14:42:00,Femenino,Primaria,Ocasional,2200,19,13,No,3,Media,No
52,Violación,Centro,2023-08-21 19:25:25,03:29:00,Femenino,Primaria,Ocasional,6229,19,8,Sí,5,Media,No
52,Violencia Familiar,Zona Sur,2022-08-04 23:13:23,06:26:00,Femenino,Universitario,Aislado,9408,25,13,No,1,Alta,No
61,Asalto,Centro,2023-01-17 05:54:41,11:06:00,Masculino,Secundaria,Aislado,8319,0,13,Sí,5,Alta,No
22,Violación,Zona Sur,2023-04-21 04:09:21,10:57:00,Masculino,Primaria,Frecuente,7549,8,10,No,2,Alta,No
48,Violación,El Alto,2023-06-08 01:39:54,18:43:00,Masculino,Primaria,Ocasional,3632,24,3,No,4,Media,Sí
35,Hurto,Villa Fátima,2023-12-25 14:49:25,20:06:00,Masculino,Primaria,Frecuente,3590,7,13,No,3,Media,No
18,Robo,San Pedro,2023-01-12 07:03:39,00:27:00,Femenino,Técnico,Frecuente,5800,28,8,No,2,Media,Sí
37,Asalto,Miraflores,2023-10-15 06:14:50,17:54:00,Masculino,Técnico,Frecuente,5167,27,5,Sí,5,Media,No
48,Asalto,Obrajes,2022-12-13 09:34:22,01:05:00,Masculino,Primaria,Ocasional,10959,15,12,Sí,4,Alta,No
30,Hurto,Sopocachi,2023-07-10 21:48:25,00:04:00,Femenino,Secundaria,Frecuente,2007,7,9,Sí,5,Baja,No
57,Asalto,Villa Fátima,2024-12-11 07:36:20,02:08:00,Femenino,Universitario,Ocasional,6534,14,10,Sí,2,Media,Sí
66,Hurto,Zona Sur,2022-09-11 01:54:11,02:00:00,Masculino,Técnico,Aislado,806,16,6,No,4,Media,No
66,Violación,Obrajes,2022-11-25 07:55:11,14:43:00,Masculino,Universitario,Ocasional,4111,23,9,No,2,Alta,Sí
69,Robo,Sopocachi,2023-09-04 04:37:13,21:42:00,Femenino,Técnico,Aislado,9478,5,10,No,3,Media,No
44,Secuestro,Sopocachi,2024-12-27 19:35:21,23:24:00,Masculino,Técnico,Frecuente,3660,27,10,No,2,Media,No
54,Asalto,Obrajes,2024-04-05 10:54:06,03:40:00,Masculino,Universitario,Frecuente,818,7,12,No,4,Media,Sí
42,Violencia Familiar,El Alto,2022-07-31 22:17:13,23:39:00,Masculino,Secundaria,Frecuente,6436,9,11,Sí,4,Media,No
67,Violación,Miraflores,2022-05-25 10:44:24,08:23:00,Femenino,Primaria,Frecuente,985,3,6,No,5,Media,No
20,Hurto,Miraflores,2024-02-29 00:07:17,09:19:00,Masculino,Secundaria,Ocasional,10470,11,3,Sí,1,Media,No
24,Fraude,Centro,2024-06-23 09:11:51,16:45:00,Masculino,Secundaria,Ocasional,3856,8,9,No,2,Media,Sí
56,Violación,Centro,2022-04-22 23:20:05,02:25:00,Masculino,Técnico,Aislado,6350,23,11,No,1,Media,No
65,Fraude,Centro,2022-12-26 06:08:45,22:11:00,Masculino,Técnico,Ocasional,7451,25,6,No,1,Media,Sí
63,Robo,El Alto,2022-11-20 14:01:18,16:30:00,Masculino,Técnico,Frecuente,3850,11,8,Sí,4,Baja,No
59,Homicidio,Obrajes,2023-03-09 19:26:22,12:49:00,Masculino,Primaria,Ocasional,11080,25,11,No,5,Media,Sí
66,Asalto,Sopocachi,2024-02-12 02:30:13,12:09:00,Masculino,Secundaria,Ocasional,3093,23,5,No,4,Alta,Sí
31,Fraude,El Alto,2023-08-19 12:34:38,20:14:00,Masculino,Primaria,Frecuente,4646,7,6,No,2,Alta,Sí
51,Violencia Familiar,Zona Sur,2023-11-22 22:53:22,04:09:00,Femenino,Primaria,Frecuente,2203,1,5,No,2,Baja,No
48,Fraude,Villa Fátima,2022-06-06 11:47:03,00:18:00,Masculino,Primaria,Frecuente,9463,28,6,No,2,Alta,No
56,Hurto,Miraflores,2024-04-20 23:30:01,14:00:00,Masculino,Primaria,Frecuente,4339,8,8,No,5,Media,Sí
17,Hurto,Obrajes,2023-10-08 20:33:27,08:07:00,Masculino,Primaria,Ocasional,5470,2,1,Sí,3,Media,No
49,Violación,Sopocachi,2024-12-05 09:32:58,21:34:00,Masculino,Secundaria,Aislado,9347,18,10,Sí,2,Media,No
56,Secuestro,Sopocachi,2023-06-24 16:26:57,10:14:00,Masculino,Secundaria,Frecuente,666,11,0,Sí,2,Alta,Sí
62,Violencia Familiar,Sopocachi,2024-10-17 07:14:58,21:34:00,Masculino,Universitario,Frecuente,7980,25,5,Sí,4,Media,No
33,Asalto,Obrajes,2022-05-18 20:05:44,06:22:00,Masculino,Universitario,Aislado,3187,22,8,No,4,Media,Sí
37,Homicidio,Zona Sur,2022-09-21 20:51:33,00:38:00,Masculino,Técnico,Frecuente,5564,7,3,No,1,Baja,Sí
41,Violación,San Pedro,2022-12-19 18:00:53,10:58:00,Masculino,Universitario,Ocasional,9173,29,0,No,2,Media,Sí
64,Homicidio,Sopocachi,2022-01-05 17:34:43,10:16:00,Femenino,Primaria,Ocasional,11751,9,8,Sí,3,Media,Sí
54,Robo,Sopocachi,2024-12-05 19:53:30,05:58:00,Masculino,Universitario,Aislado,7530,1,2,Sí,4,Alta,No
44,Violencia Familiar,Miraflores,2024-08-11 17:46:41,06:19:00,Masculino,Técnico,Aislado,4779,18,9,Sí,4,Baja,Sí
37,Fraude,Centro,2024-04-10 17:53:08,21:26:00,Masculino,Primaria,Frecuente,4550,18,10,No,5,Alta,No
59,Secuestro,Centro,2022-11-15 13:30:41,02:33:00,Masculino,Primaria,Ocasional,2129,5,14,Sí,4,Media,No
18,Violencia Familiar,San Pedro,2022-08-01 20:12:04,04:30:00,Masculino,Técnico,Frecuente,2800,12,1,No,2,Media,No
19,Violencia Familiar,Miraflores,2023-11-16 10:50:52,19:35:00,Femenino,Técnico,Ocasional,10442,16,2,Sí,1,Baja,Sí
68,Asalto,Zona Sur,2022-05-29 13:13:28,21:07:00,Masculino,Secundaria,Ocasional,6945,2,2,Sí,3,Baja,No
32,Violación,Villa Fátima,2024-02-02 17:00:55,21:52:00,Masculino,Secundaria,Frecuente,1596,20,5,No,3,Media,No
31,Hurto,Centro,2023-06-06 05:58:56,07:48:00,Masculino,Universitario,Frecuente,8644,11,12,No,5,Media,No
44,Violencia Familiar,Obrajes,2022-02-01 01:18:50,07:31:00,Femenino,Técnico,Frecuente,8813,4,2,Sí,1,Media,Sí
36,Robo,Obrajes,2023-08-18 21:29:29,23:52:00,Femenino,Universitario,Frecuente,9631,18,10,No,2,Alta,No
64,Asalto,San Pedro,2024-05-25 01:41:51,23:14:00,Femenino,Universitario,Ocasional,9989,6,0,Sí,1,Baja,No
68,Hurto,Miraflores,2022-03-12 15:47:55,20:21:00,Masculino,Primaria,Frecuente,10293,4,6,Sí,1,Baja,Sí
60,Robo,Sopocachi,2023-03-04 09:08:12,15:18:00,Masculino,Secundaria,Aislado,9488,10,13,Sí,4,Media,No
40,Violación,Centro,2023-11-14 22:10:21,01:09:00,Masculino,Secundaria,Ocasional,10848,21,14,No,5,Alta,No
46,Secuestro,El Alto,2024-04-20 14:00:27,17:38:00,Femenino,Primaria,Aislado,4422,25,13,Sí,5,Alta,Sí
28,Robo,Sopocachi,2023-04-28 10:09:42,18:35:00,Femenino,Técnico,Ocasional,5764,6,13,Sí,5,Alta,No
67,Secuestro,El Alto,2023-11-01 07:27:02,05:31:00,Masculino,Universitario,Ocasional,5169,25,1,No,3,Media,Sí
15,Violación,Obrajes,2024-11-23 15:40:08,04:54:00,Femenino,Primaria,Frecuente,11077,20,0,No,5,Media,No
29,Robo,Villa Fátima,2024-04-23 01:14:01,20:39:00,Masculino,Primaria,Ocasional,1526,5,3,No,1,Baja,No
46,Hurto,Sopocachi,2022-10-06 14:25:02,06:25:00,Masculino,Universitario,Frecuente,7473,17,13,No,2,Baja,No
57,Violación,Miraflores,2023-04-12 00:18:28,03:45:00,Masculino,Secundaria,Ocasional,1763,26,6,No,3,Media,Sí
55,Violación,Sopocachi,2024-04-04 10:27:20,22:58:00,Masculino,Secundaria,Frecuente,3955,20,2,Sí,3,Baja,No
21,Violación,Centro,2022-07-22 18:08:52,17:54:00,Masculino,Técnico,Aislado,8557,12,0,No,2,Media,No
19,Robo,Obrajes,2024-01-09 01:47:22,13:14:00,Masculino,Primaria,Ocasional,10955,4,8,No,1,Baja,No
61,Asalto,Sopocachi,2024-08-15 12:25:57,09:41:00,Masculino,Técnico,Ocasional,10073,6,9,Sí,3,Media,Sí
27,Violación,Villa Fátima,2022-05-30 05:18:41,14:01:00,Masculino,Secundaria,Ocasional,9863,20,13,Sí,5,Media,Sí
61,Hurto,Obrajes,2024-07-08 11:14:28,14:20:00,Femenino,Técnico,Aislado,9823,29,1,Sí,3,Baja,Sí
53,Violación,San Pedro,2022-01-01 18:01:54,08:09:00,Masculino,Secundaria,Ocasional,1050,17,2,No,1,Media,No
67,Violencia Familiar,San Pedro,2024-06-25 20:50:07,12:15:00,Masculino,Primaria,Ocasional,10276,26,7,Sí,2,Media,Sí
52,Violación,Sopocachi,2024-08-06 04:02:29,06:00:00,Masculino,Universitario,Frecuente,6751,20,9,No,2,Media,No
16,Secuestro,Miraflores,2023-04-06 08:29:44,06:52:00,Masculino,Primaria,Ocasional,1003,6,6,No,2,Baja,No
46,Hurto,Zona Sur,2023-12-22 23:14:16,13:20:00,Femenino,Universitario,Ocasional,6187,2,5,No,5,Alta,Sí
63,Asalto,Zona Sur,2022-05-09 02:35:33,10:57:00,Masculino,Primaria,Ocasional,10964,15,11,Sí,2,Media,No
66,Violencia Familiar,Zona Sur,2024-03-26 22:18:00,23:42:00,Masculino,Primaria,Aislado,3419,16,6,No,4,Media,No
35,Violencia Familiar,Centro,2024-06-09 18:14:25,00:34:00,Masculino,Universitario,Ocasional,7785,19,7,No,2,Baja,No
33,Violencia Familiar,Sopocachi,2023-04-19 11:00:33,19:51:00,Masculino,Secundaria,Aislado,7988,18,4,No,1,Media,No
42,Hurto,Obrajes,2023-07-04 21:20:13,23:28:00,Femenino,Técnico,Ocasional,10754,18,13,No,3,Media,No
68,Violencia Familiar,Obrajes,2024-11-09 22:25:06,02:38:00,Masculino,Técnico,Ocasional,11334,18,3,No,5,Alta,No
40,Violencia Familiar,Obrajes,2024-11-17 09:31:05,13:35:00,Femenino,Primaria,Ocasional,7717,16,2,No,5,Media,No
28,Hurto,Zona Sur,2024-07-17 04:43:11,00:09:00,Masculino,Secundaria,Frecuente,4378,23,4,No,3,Media,Sí
66,Violación,Zona Sur,2022-09-10 06:06:33,18:21:00,Masculino,Universitario,Aislado,9280,14,4,No,5,Media,Sí
34,Violencia Familiar,San Pedro,2024-04-17 12:21:33,23:55:00,Masculino,Técnico,Ocasional,3472,16,1,Sí,5,Media,Sí
24,Hurto,Miraflores,2023-04-25 14:39:17,05:55:00,Masculino,Secundaria,Frecuente,4765,28,7,No,3,Media,No
25,Robo,Centro,2023-04-26 08:34:20,02:02:00,Masculino,Técnico,Frecuente,1534,0,7,Sí,3,Baja,No
27,Homicidio,Centro,2022-05-27 17:38:36,21:50:00,Masculino,Primaria,Ocasional,3524,22,2,Sí,2,Media,No
30,Violencia Familiar,Sopocachi,2022-12-04 17:11:54,15:32:00,Femenino,Secundaria,Ocasional,8227,20,9,Sí,5,Media,Sí
58,Hurto,Villa Fátima,2024-09-15 21:58:08,07:02:00,Femenino,Secundaria,Frecuente,2572,22,4,No,3,Media,No
64,Violación,El Alto,2024-02-13 09:37:56,17:56:00,Masculino,Primaria,Aislado,6524,16,3,No,3,Media,No
56,Violencia Familiar,Zona Sur,2022-02-06 07:40:28,02:01:00,Masculino,Universitario,Ocasional,10727,11,12,Sí,2,Baja,No
58,Robo,Sopocachi,2023-12-10 02:39:52,19:55:00,Masculino,Universitario,Ocasional,5228,13,0,No,3,Media,No
69,Violación,El Alto,2023-10-25 03:52:01,18:23:00,Femenino,Técnico,Ocasional,10471,17,9,No,2,Media,Sí
67,Violación,Miraflores,2023-04-30 10:31:05,02:56:00,Masculino,Secundaria,Ocasional,8687,28,1,No,5,Media,Sí
30,Secuestro,Sopocachi,2023-03-27 01:09:10,12:43:00,Femenino,Universitario,Aislado,3224,4,0,No,5,Alta,Sí
17,Hurto,Sopocachi,2023-06-30 12:18:44,20:15:00,Masculino,Universitario,Frecuente,1709,17,6,Sí,5,Media,No
28,Hurto,Sopocachi,2023-06-12 15:44:00,11:02:00,Masculino,Primaria,Frecuente,5703,12,13,No,2,Media,Sí
64,Violación,San Pedro,2022-08-09 14:03:18,11:31:00,Masculino,Universitario,Ocasional,4202,18,3,No,1,Alta,Sí
52,Homicidio,Obrajes,2024-04-07 08:35:41,00:38:00,Masculino,Secundaria,Aislado,1735,22,8,No,4,Media,Sí
40,Violación,San Pedro,2022-09-13 06:10:56,10:42:00,Femenino,Primaria,Ocasional,2985,4,5,Sí,5,Alta,No
59,Secuestro,El Alto,2024-04-27 09:10:13,03:54:00,Masculino,Universitario,Aislado,1710,23,8,Sí,3,Alta,No
57,Violación,Villa Fátima,2022-07-18 17:04:45,23:17:00,Masculino,Universitario,Ocasional,1518,28,4,Sí,4,Alta,Sí
38,Homicidio,Zona Sur,2023-12-29 18:56:16,13:53:00,Femenino,Universitario,Frecuente,2078,8,9,No,4,Media,No
64,Violación,Sopocachi,2023-10-24 18:29:55,02:55:00,Femenino,Primaria,Aislado,11977,2,14,No,1,Media,No
17,Violencia Familiar,Obrajes,2022-11-06 02:23:21,23:19:00,Masculino,Técnico,Ocasional,1855,19,5,Sí,1,Media,No
20,Violación,El Alto,2023-06-14 05:05:16,07:24:00,Masculino,Técnico,Aislado,3508,29,5,No,5,Media,No
58,Hurto,El Alto,2023-04-07 23:54:54,01:54:00,Femenino,Universitario,Ocasional,3295,23,2,Sí,3,Media,Sí
54,Hurto,Zona Sur,2022-08-16 08:38:02,00:41:00,Masculino,Técnico,Frecuente,3362,5,8,Sí,2,Baja,Sí
57,Asalto,Centro,2022-04-18 02:54:19,00:10:00,Masculino,Primaria,Ocasional,2076,6,2,No,5,Media,Sí
65,Asalto,Miraflores,2024-04-26 04:45:40,23:30:00,Femenino,Primaria,Frecuente,1819,10,14,No,4,Alta,Sí
42,Robo,San Pedro,2022-12-24 14:53:45,22:12:00,Masculino,Secundaria,Aislado,9061,8,4,No,2,Baja,No
62,Violación,Obrajes,2023-04-09 10:09:51,05:20:00,Masculino,Secundaria,Frecuente,5563,17,1,No,2,Alta,No
16,Hurto,El Alto,2022-12-04 19:10:54,15:47:00,Femenino,Técnico,Frecuente,8524,22,2,No,4,Media,No
66,Violencia Familiar,Miraflores,2022-03-23 10:44:36,08:25:00,Masculino,Secundaria,Frecuente,8008,10,14,No,5,Alta,No
49,Hurto,Miraflores,2024-12-12 13:27:35,18:25:00,Masculino,Universitario,Ocasional,9739,24,11,No,2,Baja,No
30,Robo,Miraflores,2023-11-28 22:39:32,20:34:00,Masculino,Secundaria,Frecuente,4025,19,7,No,5,Alta,No
26,Violación,Obrajes,2023-11-18 16:57:06,19:25:00,Masculino,Secundaria,Ocasional,5066,15,1,Sí,2,Alta,No
40,Homicidio,Miraflores,2022-03-09 03:00:14,12:55:00,Masculino,Secundaria,Frecuente,5886,13,14,No,4,Media,No
43,Violación,Centro,2023-11-03 16:22:18,19:27:00,Masculino,Universitario,Frecuente,10161,22,11,No,4,Alta,No
23,Fraude,El Alto,2023-08-14 17:19:31,19:58:00,Femenino,Secundaria,Aislado,6418,25,6,Sí,2,Alta,Sí
42,Fraude,Centro,2023-09-11 17:21:46,09:26:00,Masculino,Primaria,Ocasional,556,27,8,Sí,2,Alta,No
16,Secuestro,Villa Fátima,2022-09-07 10:14:34,13:02:00,Masculino,Universitario,Frecuente,7357,2,1,Sí,4,Media,No
38,Violencia Familiar,Centro,2023-07-28 07:19:01,18:58:00,Femenino,Secundaria,Aislado,5353,20,12,No,5,Media,No
46,Secuestro,Centro,2024-06-27 16:19:39,00:14:00,Masculino,Universitario,Ocasional,7708,23,3,No,3,Media,No
21,Homicidio,Centro,2022-10-25 11:13:58,16:10:00,Femenino,Técnico,Frecuente,7381,13,0,Sí,5,Media,Sí
36,Secuestro,Miraflores,2023-06-17 08:23:40,20:47:00,Masculino,Técnico,Ocasional,11458,9,11,No,2,Alta,No
62,Robo,Centro,2022-05-23 17:02:27,16:48:00,Masculino,Técnico,Ocasional,3119,6,13,No,4,Media,No
38,Violación,Centro,2023-06-09 12:05:43,04:51:00,Masculino,Primaria,Ocasional,10319,21,1,Sí,1,Media,Sí
39,Hurto,Zona Sur,2024-09-09 14:41:55,13:29:00,Femenino,Secundaria,Frecuente,8591,4,4,Sí,1,Media,Sí
24,Asalto,Zona Sur,2024-10-23 20:40:41,16:51:00,Masculino,Primaria,Frecuente,11775,21,7,No,4,Alta,Sí
60,Violación,Obrajes,2023-05-09 14:02:15,18:32:00,Masculino,Primaria,Ocasional,4723,23,5,Sí,5,Alta,No
47,Fraude,Obrajes,2024-08-15 12:41:45,23:20:00,Femenino,Primaria,Ocasional,7092,12,5,No,1,Alta,No
59,Violencia Familiar,Sopocachi,2022-04-12 07:55:10,01:17:00,Masculino,Primaria,Ocasional,6911,28,6,No,3,Baja,Sí
38,Hurto,Obrajes,2023-07-23 15:50:44,23:56:00,Femenino,Técnico,Frecuente,1800,17,11,No,3,Media,Sí
41,Fraude,Centro,2023-09-25 16:41:46,20:05:00,Masculino,Técnico,Frecuente,1946,0,7,No,3,Media,Sí
56,Violación,Villa Fátima,2023-06-03 21:55:00,11:07:00,Femenino,Secundaria,Frecuente,9417,1,6,No,1,Media,No
17,Hurto,Centro,2023-01-11 14:22:48,13:55:00,Masculino,Secundaria,Frecuente,5342,17,10,No,5,Alta,No
45,Hurto,Sopocachi,2023-01-29 18:18:58,06:59:00,Masculino,Universitario,Aislado,2493,25,6,Sí,4,Baja,No
45,Hurto,El Alto,2022-02-01 08:23:30,17:06:00,Masculino,Universitario,Frecuente,8250,18,2,Sí,4,Media,No
66,Violencia Familiar,San Pedro,2023-11-03 17:28:27,00:20:00,Femenino,Secundaria,Ocasional,5176,4,5,Sí,2,Alta,Sí
60,Hurto,Centro,2024-11-20 02:10:41,18:35:00,Masculino,Primaria,Frecuente,7680,4,8,No,1,Baja,No
34,Violencia Familiar,San Pedro,2023-01-29 00:43:48,13:35:00,Femenino,Técnico,Ocasional,1870,11,1,No,3,Media,No
30,Robo,Obrajes,2023-12-25 08:53:43,18:04:00,Masculino,Técnico,Ocasional,1615,28,6,No,1,Alta,Sí
58,Robo,Miraflores,2024-09-29 14:22:30,17:30:00,Masculino,Primaria,Ocasional,11744,18,11,Sí,3,Media,Sí
26,Secuestro,San Pedro,2024-02-20 09:02:02,14:48:00,Masculino,Técnico,Ocasional,1035,18,0,No,2,Media,No
47,Robo,Villa Fátima,2022-09-16 09:29:03,23:24:00,Masculino,Técnico,Ocasional,1232,2,4,Sí,5,Baja,No
21,Robo,Zona Sur,2022-10-25 01:18:03,03:55:00,Masculino,Primaria,Ocasional,11083,4,11,No,5,Baja,No
53,Asalto,Zona Sur,2023-09-29 19:54:48,03:15:00,Masculino,Técnico,Ocasional,2480,11,10,No,1,Baja,No
30,Hurto,El Alto,2024-02-22 03:31:26,20:40:00,Masculino,Técnico,Frecuente,6462,11,1,No,2,Baja,Sí
63,Violación,Obrajes,2023-01-08 02:40:11,02:20:00,Masculino,Técnico,Ocasional,10792,28,12,Sí,2,Alta,Sí
67,Secuestro,Zona Sur,2022-10-03 15:54:32,09:38:00,Masculino,Universitario,Ocasional,7701,17,3,No,2,Baja,Sí
45,Secuestro,Obrajes,2023-04-07 17:52:10,08:49:00,Femenino,Universitario,Ocasional,7296,27,14,Sí,4,Alta,No
40,Fraude,Obrajes,2023-04-04 11:27:28,04:29:00,Femenino,Secundaria,Aislado,10729,13,11,No,2,Media,Sí
67,Asalto,Miraflores,2023-07-16 08:21:02,05:08:00,Masculino,Secundaria,Frecuente,11987,25,13,No,1,Media,Sí
17,Secuestro,Sopocachi,2024-03-15 00:58:03,05:07:00,Masculino,Secundaria,Frecuente,2234,2,12,Sí,5,Baja,No
61,Robo,Obrajes,2022-06-26 17:16:05,03:06:00,Femenino,Universitario,Frecuente,8123,10,7,No,2,Alta,No
35,Robo,Zona Sur,2022-09-01 16:09:47,04:54:00,Masculino,Técnico,Aislado,4435,12,0,No,2,Media,No
41,Violación,Obrajes,2024-10-17 19:50:26,06:43:00,Masculino,Primaria,Aislado,6667,6,5,Sí,1,Media,Sí
52,Robo,Sopocachi,2022-12-17 07:19:43,19:47:00,Masculino,Universitario,Ocasional,1977,12,4,Sí,5,Baja,Sí
52,Hurto,Sopocachi,2024-07-18 01:44:41,05:02:00,Femenino,Técnico,Frecuente,10280,26,11,Sí,4,Baja,Sí
16,Violación,Obrajes,2024-12-01 07:03:43,12:02:00,Masculino,Universitario,Ocasional,2663,0,2,Sí,4,Media,No
31,Asalto,Villa Fátima,2022-02-23 00:28:57,17:50:00,Femenino,Secundaria,Aislado,4054,3,3,No,4,Alta,Sí
62,Robo,Miraflores,2023-02-19 14:47:07,18:08:00,Masculino,Técnico,Frecuente,11979,18,5,Sí,5,Alta,No
46,Violación,El Alto,2023-06-18 04:00:34,12:14:00,Masculino,Secundaria,Frecuente,8163,12,9,No,3,Baja,No
53,Robo,Villa Fátima,2022-08-21 22:36:35,02:34:00,Masculino,Universitario,Frecuente,7603,17,13,No,5,Media,No
57,Robo,El Alto,2024-01-19 15:22:40,18:55:00,Masculino,Técnico,Frecuente,928,5,9,No,3,Media,No
60,Hurto,Zona Sur,2024-01-13 12:49:17,19:11:00,Femenino,Primaria,Ocasional,1903,8,0,No,2,Media,No
49,Fraude,Sopocachi,2024-03-20 15:23:55,19:25:00,Masculino,Primaria,Aislado,3820,7,12,Sí,2,Baja,No
18,Hurto,Obrajes,2023-07-19 16:49:07,20:29:00,Masculino,Primaria,Frecuente,11641,2,0,Sí,5,Alta,No
32,Asalto,Sopocachi,2024-07-12 21:52:00,08:16:00,Masculino,Primaria,Frecuente,9710,9,14,No,1,Media,No
56,Hurto,Villa Fátima,2022-03-30 06:49:19,14:24:00,Masculino,Universitario,Aislado,5269,5,5,Sí,3,Media,Sí
19,Homicidio,El Alto,2024-10-07 02:40:28,01:15:00,Femenino,Técnico,Ocasional,10858,25,13,Sí,2,Media,Sí
35,Fraude,Zona Sur,2024-12-03 19:53:12,22:39:00,Masculino,Primaria,Aislado,6281,22,2,Sí,5,Media,No
47,Robo,Sopocachi,2023-08-05 03:32:20,02:43:00,Masculino,Secundaria,Ocasional,10829,17,1,No,1,Baja,No
23,Violación,El Alto,2023-10-02 14:23:28,09:07:00,Masculino,Universitario,Ocasional,6975,17,14,No,1,Media,No
27,Violación,San Pedro,2024-10-05 12:45:50,17:47:00,Femenino,Primaria,Ocasional,1280,21,4,No,2,Media,No
63,Hurto,Obrajes,2023-09-04 03:11:51,12:27:00,Masculino,Universitario,Aislado,7506,9,7,No,2,Alta,Sí
57,Robo,Centro,2022-07-27 09:12:22,13:53:00,Masculino,Técnico,Ocasional,1208,13,13,No,3,Media,No
31,Robo,Miraflores,2022-02-11 10:38:40,05:44:00,Masculino,Primaria,Ocasional,10119,17,9,No,1,Media,Sí
69,Asalto,Miraflores,2022-07-13 19:35:02,20:01:00,Femenino,Técnico,Frecuente,2656,7,6,No,4,Media,Sí
48,Violencia Familiar,Centro,2024-03-01 13:25:46,09:33:00,Masculino,Técnico,Frecuente,10053,26,4,Sí,2,Baja,No
32,Violencia Familiar,San Pedro,2024-01-24 16:17:06,15:00:00,Masculino,Primaria,Frecuente,936,14,4,Sí,1,Alta,Sí
21,Hurto,Miraflores,2024-08-04 05:12:02,09:38:00,Masculino,Técnico,Ocasional,1809,0,13,Sí,1,Alta,No
26,Violencia Familiar,Villa Fátima,2022-01-06 06:28:07,16:37:00,Masculino,Universitario,Ocasional,10118,11,1,No,2,Media,No
15,Fraude,Centro,2022-07-30 12:44:19,01:18:00,Masculino,Técnico,Frecuente,6156,9,10,No,2,Baja,Sí
51,Secuestro,Centro,2024-01-16 11:05:44,20:50:00,Masculino,Secundaria,Frecuente,9392,8,9,No,3,Baja,Sí
65,Robo,Zona Sur,2023-10-11 05:00:03,18:59:00,Masculino,Secundaria,Aislado,6340,14,3,No,1,Alta,No
58,Fraude,Zona Sur,2022-02-09 07:49:08,03:54:00,Femenino,Primaria,Aislado,11732,21,5,No,4,Media,No
48,Violencia Familiar,Centro,2024-07-06 14:52:54,17:57:00,Masculino,Secundaria,Frecuente,9584,14,5,Sí,4,Media,Sí
24,Robo,Miraflores,2024-08-19 11:12:25,09:36:00,Femenino,Secundaria,Ocasional,9008,3,14,No,4,Baja,No
24,Violencia Familiar,Miraflores,2023-01-28 22:39:26,16:42:00,Masculino,Universitario,Aislado,11735,10,14,No,5,Media,Sí
36,Hurto,Villa Fátima,2024-08-07 03:32:43,15:30:00,Femenino,Técnico,Ocasional,10341,4,9,No,5,Media,Sí
42,Hurto,San Pedro,2022-06-30 09:29:40,15:46:00,Masculino,Primaria,Frecuente,3774,14,9,No,1,Baja,No
41,Robo,Miraflores,2022-06-17 03:25:30,17:40:00,Femenino,Primaria,Ocasional,5757,23,7,Sí,5,Alta,No
54,Hurto,Miraflores,2022-01-31 11:05:33,06:38:00,Masculino,Secundaria,Ocasional,4463,27,5,Sí,3,Media,No
50,Hurto,Centro,2023-10-05 17:15:22,09:37:00,Masculino,Primaria,Aislado,1290,26,4,No,2,Media,Sí
50,Violencia Familiar,Villa Fátima,2024-03-01 22:04:28,02:47:00,Femenino,Primaria,Ocasional,7165,24,5,No,2,Media,No
62,Asalto,Zona Sur,2023-09-08 03:19:53,08:11:00,Masculino,Universitario,Ocasional,4529,4,12,No,2,Media,No
53,Violencia Familiar,San Pedro,2022-08-28 09:21:42,06:37:00,Masculino,Universitario,Ocasional,9862,18,0,Sí,5,Baja,No
22,Homicidio,Centro,2022-12-07 10:41:41,19:23:00,Masculino,Universitario,Frecuente,7451,3,2,Sí,2,Alta,No
65,Violencia Familiar,Zona Sur,2024-06-02 23:27:02,15:16:00,Femenino,Primaria,Frecuente,8977,6,6,No,3,Media,No
36,Violencia Familiar,Miraflores,2022-07-30 11:38:30,11:37:00,Masculino,Técnico,Frecuente,3882,25,3,No,3,Alta,Sí
23,Violación,El Alto,2022-04-05 10:17:36,11:17:00,Femenino,Primaria,Frecuente,1045,2,6,No,5,Alta,No
20,Homicidio,Centro,2022-12-08 18:38:46,11:27:00,Masculino,Secundaria,Aislado,7304,12,8,No,4,Alta,No
23,Secuestro,Sopocachi,2022-06-23 20:34:02,16:41:00,Masculino,Técnico,Frecuente,5548,18,0,No,2,Alta,Sí
29,Hurto,Centro,2023-11-30 18:50:18,04:46:00,Masculino,Técnico,Ocasional,8647,16,13,Sí,1,Alta,No
69,Violencia Familiar,Sopocachi,2024-11-30 20:29:00,04:15:00,Masculino,Universitario,Frecuente,11694,14,8,No,4,Media,No
57,Hurto,Miraflores,2023-02-19 05:53:01,18:52:00,Femenino,Primaria,Frecuente,7741,8,6,No,2,Baja,No
24,Asalto,Obrajes,2023-07-12 16:44:27,20:56:00,Femenino,Primaria,Frecuente,5590,28,5,Sí,5,Baja,No
56,Violencia Familiar,San Pedro,2024-09-12 02:29:41,06:27:00,Masculino,Secundaria,Aislado,7647,0,9,No,5,Media,No
27,Violación,Miraflores,2022-03-14 08:58:38,10:14:00,Masculino,Universitario,Frecuente,3194,8,3,No,3,Baja,No
42,Violencia Familiar,Miraflores,2023-07-25 02:54:51,05:54:00,Masculino,Secundaria,Frecuente,2665,28,9,No,1,Baja,No
58,Fraude,Villa Fátima,2022-03-05 17:45:55,03:49:00,Masculino,Técnico,Ocasional,2700,16,12,No,4,Media,No
19,Robo,Villa Fátima,2022-08-17 12:18:46,15:16:00,Masculino,Universitario,Frecuente,5963,26,3,Sí,5,Baja,Sí
50,Violencia Familiar,Miraflores,2024-05-05 23:00:39,04:35:00,Femenino,Técnico,Ocasional,10746,27,7,No,5,Alta,No
33,Violencia Familiar,Zona Sur,2023-11-16 14:11:02,12:12:00,Masculino,Universitario,Aislado,7349,7,7,Sí,4,Alta,No
64,Fraude,Sopocachi,2024-04-16 15:59:10,15:09:00,Masculino,Técnico,Frecuente,2625,7,13,Sí,1,Baja,No
26,Violencia Familiar,Zona Sur,2022-05-01 09:04:47,12:29:00,Masculino,Secundaria,Ocasional,9119,1,14,No,3,Baja,No
24,Violencia Familiar,Obrajes,2024-06-19 01:14:32,03:48:00,Masculino,Universitario,Aislado,7274,27,11,No,3,Media,No
42,Violencia Familiar,Zona Sur,2023-09-19 17:37:43,11:51:00,Masculino,Universitario,Frecuente,1298,7,13,No,3,Media,No
46,Violencia Familiar,Villa Fátima,2024-02-04 11:07:15,05:44:00,Masculino,Universitario,Ocasional,10049,9,2,Sí,1,Media,No
24,Robo,Miraflores,2023-05-10 22:45:04,12:00:00,Masculino,Universitario,Frecuente,4574,19,0,No,1,Media,Sí
35,Violencia Familiar,Miraflores,2023-03-06 06:44:25,10:16:00,Femenino,Secundaria,Ocasional,5929,21,12,No,3,Media,No
61,Violencia Familiar,El Alto,2024-05-10 19:16:50,19:56:00,Masculino,Primaria,Frecuente,10623,28,3,No,2,Baja,No
46,Violación,Centro,2023-03-12 07:08:35,20:14:00,Femenino,Primaria,Ocasional,3963,28,6,No,4,Baja,No
64,Violación,El Alto,2023-06-12 19:36:10,03:38:00,Masculino,Técnico,Ocasional,5376,20,6,No,3,Alta,No
30,Fraude,Centro,2024-03-14 17:12:01,02:45:00,Masculino,Primaria,Frecuente,3055,4,4,No,1,Media,No
36,Violencia Familiar,Zona Sur,2023-07-27 04:12:13,09:45:00,Femenino,Primaria,Aislado,2863,11,0,No,4,Alta,No
33,Hurto,Sopocachi,2024-09-10 00:03:20,19:16:00,Masculino,Universitario,Ocasional,5008,26,4,Sí,2,Alta,Sí
44,Homicidio,Centro,2024-04-06 12:57:20,18:49:00,Femenino,Secundaria,Frecuente,4069,3,14,No,2,Alta,No
30,Violencia Familiar,San Pedro,2024-11-03 00:54:07,09:19:00,Masculino,Técnico,Frecuente,9692,0,4,No,2,Alta,Sí
64,Hurto,San Pedro,2024-01-31 06:32:32,12:55:00,Masculino,Técnico,Ocasional,6827,11,14,No,3,Alta,Sí
18,Robo,El Alto,2023-01-09 13:53:54,13:51:00,Femenino,Secundaria,Ocasional,3335,0,1,No,3,Media,No
48,Violencia Familiar,Miraflores,2023-03-14 23:30:37,13:14:00,Femenino,Secundaria,Ocasional,6122,24,4,Sí,4,Media,No
27,Robo,El Alto,2024-05-13 13:19:11,21:52:00,Masculino,Universitario,Ocasional,1846,9,14,No,4,Media,No
31,Violencia Familiar,Zona Sur,2023-08-19 17:01:20,22:51:00,Masculino,Primaria,Ocasional,833,13,2,Sí,3,Media,Sí
66,Hurto,Zona Sur,2022-04-28 01:10:10,21:08:00,Femenino,Secundaria,Frecuente,754,7,2,Sí,3,Media,Sí
17,Asalto,Zona Sur,2023-05-11 07:13:14,13:11:00,Masculino,Primaria,Frecuente,9057,24,12,Sí,4,Baja,Sí
55,Violación,Zona Sur,2022-11-13 19:18:25,00:13:00,Masculino,Secundaria,Frecuente,11223,22,8,No,1,Media,No
33,Robo,Centro,2022-05-21 07:27:15,21:13:00,Masculino,Secundaria,Ocasional,1920,13,11,No,1,Media,No
65,Hurto,Obrajes,2023-03-19 03:35:16,14:47:00,Femenino,Primaria,Ocasional,8729,28,2,Sí,4,Alta,Sí
